_id,State,Const. No.,Constituency,Leading Candidate,Leading Party,Trailing Canddiate,Trailing Party,Margin,Status
1,Andhra Pradesh,7,Amalapuram (SC),G M HARISH (BALAYOGI),Telugu Desam,RAPAKA VARAPRASADA RAO,Yuvajana Sramika Rythu Congress Party,342196,Result Declared
2,Andhra Pradesh,5,Anakapalle,C.M.RAMESH,Bharatiya Janata Party,BUDI MUTYALA NAIDU,Yuvajana Sramika Rythu Congress Party,296530,Result Declared
3,Andhra Pradesh,19,Ananthapur,AMBICA G LAKSHMINARAYANA VALMIKI,Telugu Desam,MALAGUNDLA SANKAR NARAYANA,Yuvajana Sramika Rythu Congress Party,188555,Result Declared
4,Andhra Pradesh,1,Araku (ST),GUMMA THANUJA RANI,Yuvajana Sramika Rythu Congress Party,KOTHAPALLI GEETHA,Bharatiya Janata Party,50580,Result Declared
5,Andhra Pradesh,15,Bapatla (SC),KRISHNA PRASAD TENNETI,Telugu Desam,NANDIGAM SURESH BABU,Yuvajana Sramika Rythu Congress Party,208031,Result Declared
6,Andhra Pradesh,25,Chittoor(SC),DAGGUMALLA PRASADA RAO,Telugu Desam,REDDEPPA.N .,Yuvajana Sramika Rythu Congress Party,220479,Result Declared
7,Andhra Pradesh,10,Eluru,PUTTA MAHESH KUMAR,Telugu Desam,KARUMURI SUNIL KUMAR,Yuvajana Sramika Rythu Congress Party,181857,Result Declared
8,Andhra Pradesh,13,Guntur,DR CHANDRA SEKHAR PEMMASANI,Telugu Desam,KILARI VENKATA ROSAIAH,Yuvajana Sramika Rythu Congress Party,344695,Result Declared
9,Andhra Pradesh,20,Hindupur,B K PARTHASARATHI,Telugu Desam,J SHANTHA,Yuvajana Sramika Rythu Congress Party,132427,Result Declared
10,Andhra Pradesh,21,Kadapa,Y. S. AVINASH REDDY,Yuvajana Sramika Rythu Congress Party,CHADIPIRALLA BHUPESH SUBBARAMI REDDY,Telugu Desam,62695,Result Declared
11,Andhra Pradesh,6,Kakinada,TANGELLA UDAY SRINIVAS (TEA TIME UDAY),Janasena Party,CHALAMALASETTY SUNIL,Yuvajana Sramika Rythu Congress Party,229491,Result Declared
12,Andhra Pradesh,18,Kurnoolu,BASTIPATI NAGARAJU PANCHALINGALA,Telugu Desam,B Y RAMAIAH,Yuvajana Sramika Rythu Congress Party,111298,Result Declared
13,Andhra Pradesh,11,Machilipatnam,BALASHOWRY VALLABHANENI,Janasena Party,SIMHADRI CHANDRA SEKHAR RAO,Yuvajana Sramika Rythu Congress Party,223179,Result Declared
14,Andhra Pradesh,17,Nandyal,DR BYREDDY SHABARI,Telugu Desam,POCHA BRAHMANANDA REDDY,Yuvajana Sramika Rythu Congress Party,111975,Result Declared
15,Andhra Pradesh,9,Narsapuram,BHUPATHI RAJU SRINIVASA VARMA (B.J.P.VARMA),Bharatiya Janata Party,UMABALA GUDURI,Yuvajana Sramika Rythu Congress Party,276802,Result Declared
16,Andhra Pradesh,14,Narsaraopet,LAVU SRIKRISHNA DEVARAYALU,Telugu Desam,ANIL KUMAR POLUBOINA,Yuvajana Sramika Rythu Congress Party,159729,Result Declared
17,Andhra Pradesh,22,Nellore,PRABHAKAR REDDY VEMIREDDY,Telugu Desam,VENUMBAKA VIJAYASAI REDDY,Yuvajana Sramika Rythu Congress Party,245902,Result Declared
18,Andhra Pradesh,16,Ongole,MAGUNTA SREENIVASULU REDDY,Telugu Desam,DR CHEVIREDDY BHASKAR REDD,Yuvajana Sramika Rythu Congress Party,50199,Result Declared
19,Andhra Pradesh,8,Rajahmundry,DAGGUBATI PURANDHESHWARI,Bharatiya Janata Party,DR. GUDURI SRINIVAS,Yuvajana Sramika Rythu Congress Party,239139,Result Declared
20,Andhra Pradesh,24,Rajampet,P V MIDHUN REDDY,Yuvajana Sramika Rythu Congress Party,NALLARI KIRAN KUMAR REDDY,Bharatiya Janata Party,76071,Result Declared
21,Andhra Pradesh,2,Srikakulam,KINJARAPU RAMMOHAN NAIDU,Telugu Desam,TILAK PERADA,Yuvajana Sramika Rythu Congress Party,327901,Result Declared
22,Andhra Pradesh,23,Thirupathi(SC),GURUMOORTHY MADDILA,Yuvajana Sramika Rythu Congress Party,VARA PRASAD RAO VELAGAPALLI,Bharatiya Janata Party,14569,Result Declared
23,Andhra Pradesh,12,Vijayawada,KESINENI SIVANATH (CHINNI),Telugu Desam,KESINENI SRINIVAS  (NANI),Yuvajana Sramika Rythu Congress Party,282085,Result Declared
24,Andhra Pradesh,4,Visakhapatnam,SRIBHARAT MATHUKUMILI,Telugu Desam,JHANSI LAKSHMI. BOTCHA.,Yuvajana Sramika Rythu Congress Party,504247,Result Declared
25,Andhra Pradesh,3,Vizianagaram,APPALANAIDU KALISETTI,Telugu Desam,BELLANA CHANDRASEKHAR,Yuvajana Sramika Rythu Congress Party,249351,Result Declared
26,Arunachal Pradesh,2,Arunachal East,TAPIR GAO,Bharatiya Janata Party,BOSIRAM SIRAM,Indian National Congress,30421,Result Declared
27,Arunachal Pradesh,1,Arunachal West,KIREN RIJIJU,Bharatiya Janata Party,NABAM TUKI,Indian National Congress,100738,Result Declared
28,Assam,3,Barpeta,PHANI BHUSAN CHOUDHURY,Asom Gana Parishad,DEEP BAYAN,Indian National Congress,222351,Result Declared
29,Assam,4,Darrang-Udalguri,DILIP SAIKIA,Bharatiya Janata Party,MADHAB RAJBANGSHI,Indian National Congress,329012,Result Declared
30,Assam,2,Dhubri ,RAKIBUL HUSSAIN,Indian National Congress,MOHAMMED BADRUDDIN AJMAL,All India United Democratic Front,1012476,Result Declared
31,Assam,13,Dibrugarh,SARBANANDA SONOWAL,Bharatiya Janata Party,LURINJYOTI GOGOI,Assam Jatiya Parishad,279321,Result Declared
32,Assam,6,Diphu,AMARSING TISSO,Bharatiya Janata Party,J. I. KATHAR,Independent,147603,Result Declared
33,Assam,5,Guwahati,BIJULI KALITA MEDHI,Bharatiya Janata Party,MIRA BORTHAKUR GOSWAMI,Indian National Congress,251090,Result Declared
34,Assam,14,Jorhat,GAURAV GOGOI,Indian National Congress,TOPON KUMAR GOGOI,Bharatiya Janata Party,144393,Result Declared
35,Assam,7,Karimganj,KRIPANATH MALLAH,Bharatiya Janata Party,HAFIZ RASHID AHMED CHOUDHURY,Indian National Congress,18360,Result Declared
36,Assam,10,Kaziranga,KAMAKHYA PRASAD TASA,Bharatiya Janata Party,ROSELINA TIRKEY,Indian National Congress,248947,Result Declared
37,Assam,1,Kokrajhar ,JOYANTA BASUMATARY,"United Peoples Party, Liberal",KAMPA BORGOYARI,Bodoland Peoples Front,51583,Result Declared
38,Assam,12,Lakhimpur,PRADAN BARUAH,Bharatiya Janata Party,UDAY SHANKAR HAZARIKA,Indian National Congress,201257,Result Declared
39,Assam,9,Nagaon,PRADYUT BORDOLOI,Indian National Congress,SURESH BORAH,Bharatiya Janata Party,212231,Result Declared
40,Assam,8,Silchar ,PARIMAL SUKLABAIDYA,Bharatiya Janata Party,SURYA KANTA SARKAR,Indian National Congress,264311,Result Declared
41,Assam,11,Sonitpur,RANJIT DUTTA,Bharatiya Janata Party,PREMLAL GANJU,Indian National Congress,361408,Result Declared
42,Bihar,9,Araria,PRADEEP KUMAR SINGH,Bharatiya Janata Party,SHAHNAWAZ,Rashtriya Janata Dal,20094,Result Declared
43,Bihar,32,Arrah,SUDAMA PRASAD,Communist Party of India  (Marxist-Leninist)  (Liberation),R. K. SINGH,Bharatiya Janata Party,59808,Result Declared
44,Bihar,37,Aurangabad,ABHAY KUMAR SINHA,Rashtriya Janata Dal,SUSHIL KUMAR SINGH,Bharatiya Janata Party,79111,Result Declared
45,Bihar,27,Banka,GIRIDHARI YADAV,Janata Dal  (United),JAI PRAKASH NARAYAN YADAV,Rashtriya Janata Dal,103844,Result Declared
46,Bihar,24,Begusarai,GIRIRAJ SINGH,Bharatiya Janata Party,ABDHESH KUMAR ROY,Communist Party of India,81480,Result Declared
47,Bihar,26,Bhagalpur,AJAY KUMAR MANDAL,Janata Dal  (United),AJEET SHARMA,Indian National Congress,104868,Result Declared
48,Bihar,33,Buxar,SUDHAKAR SINGH,Rashtriya Janata Dal,MITHILESH TIWARI,Bharatiya Janata Party,30091,Result Declared
49,Bihar,14,Darbhanga,GOPAL JEE THAKUR,Bharatiya Janata Party,LALIT KUMAR YADAV,Rashtriya Janata Dal,178156,Result Declared
50,Bihar,38,Gaya,JITAN RAM MANJHI,Hindustani Awam Morcha (Secular),KUMAR SARVJEET,Rashtriya Janata Dal,101812,Result Declared
51,Bihar,17,Gopalganj,DR. ALOK KUMAR SUMAN,Janata Dal  (United),PREM NATH CHANCHAL ALIAS CHANCHAL PASWAN,Vikassheel Insaan Party,127180,Result Declared
52,Bihar,21,Hajipur,CHIRAG PASWAN,Lok Janshakti Party(Ram Vilas),SHIV CHANDRA RAM,Rashtriya Janata Dal,170105,Result Declared
53,Bihar,36,Jahanabad,SURENDRA PRASAD YADAV,Rashtriya Janata Dal,CHANDESHWAR PRASAD,Janata Dal  (United),142591,Result Declared
54,Bihar,40,Jamui,ARUN BHARTI,Lok Janshakti Party(Ram Vilas),ARCHANA KUMARI,Rashtriya Janata Dal,112482,Result Declared
55,Bihar,7,Jhanjharpur,RAMPRIT MANDAL,Janata Dal  (United),SUMAN KUMAR MAHASETH,Vikassheel Insaan Party,184169,Result Declared
56,Bihar,35,Karakat,RAJA RAM SINGH,Communist Party of India  (Marxist-Leninist)  (Liberation),PAWAN SINGH,Independent,105858,Result Declared
57,Bihar,11,Katihar,TARIQ ANWAR,Indian National Congress,DULAL CHANDRA GOSWAMI,Janata Dal  (United),49863,Result Declared
58,Bihar,25,Khagaria,RAJESH VERMA,Lok Janshakti Party(Ram Vilas),SANJAY KUMAR,Communist Party of India  (Marxist),161131,Result Declared
59,Bihar,10,Kishanganj,MOHAMMAD JAWED,Indian National Congress,MUJAHID ALAM,Janata Dal  (United),59692,Result Declared
60,Bihar,13,Madhepura,DINESH CHANDRA YADAV,Janata Dal  (United),DA KUMAR CHANDRADEEP,Rashtriya Janata Dal,174534,Result Declared
61,Bihar,6,Madhubani,ASHOK KUMAR YADAV,Bharatiya Janata Party,MD ALI ASHRAF FATMI,Rashtriya Janata Dal,151945,Result Declared
62,Bihar,19,Maharajganj,"JANARDAN SINGH ""SIGRIWAL""",Bharatiya Janata Party,AAKASH KUMAR SINGH,Indian National Congress,102651,Result Declared
63,Bihar,28,Munger,RAJIV RANJAN SINGH ALIAS LALAN SINGH,Janata Dal  (United),KUMARI ANITA,Rashtriya Janata Dal,80870,Result Declared
64,Bihar,15,Muzaffarpur,RAJ BHUSHAN CHOUDHARY,Bharatiya Janata Party,AJAY NISHAD,Indian National Congress,234927,Result Declared
65,Bihar,29,Nalanda,KAUSHALENDRA KUMAR,Janata Dal  (United),DR. SANDEEP SAURAV,Communist Party of India  (Marxist-Leninist)  (Liberation),169114,Result Declared
66,Bihar,39,Nawada,VIVEK THAKUR,Bharatiya Janata Party,SHRAWAN KUMAR,Rashtriya Janata Dal,67670,Result Declared
67,Bihar,2,Paschim Champaran,DR.SANJAY JAISWAL,Bharatiya Janata Party,MADAN MOHAN TIWARI,Indian National Congress,136568,Result Declared
68,Bihar,31,Patliputra,MISHA BHARTI,Rashtriya Janata Dal,RAM KRIPAL YADAV,Bharatiya Janata Party,85174,Result Declared
69,Bihar,30,Patna Sahib,RAVI SHANKAR PRASAD,Bharatiya Janata Party,ANSHUL AVIJIT,Indian National Congress,153846,Result Declared
70,Bihar,12,Purnia,RAJESH RANJAN ALIAS PAPPU YADAV,Independent,SANTOSH KUMAR,Janata Dal  (United),23847,Result Declared
71,Bihar,3,Purvi Champaran,RADHA MOHAN SINGH,Bharatiya Janata Party,DR RAJESH KUMAR,Vikassheel Insaan Party,88287,Result Declared
72,Bihar,23,Samastipur,SHAMBHAVI,Lok Janshakti Party(Ram Vilas),SUNNY HAZARI,Indian National Congress,187251,Result Declared
73,Bihar,20,Saran,RAJIV PRATAP RUDY,Bharatiya Janata Party,ROHINI ACHARYA,Rashtriya Janata Dal,13661,Result Declared
74,Bihar,34,Sasaram,MANOJ KUMAR,Indian National Congress,SHIVESH KUMAR,Bharatiya Janata Party,19157,Result Declared
75,Bihar,4,Sheohar,LOVELY ANAND,Janata Dal  (United),RITU JAISWAL,Rashtriya Janata Dal,29143,Result Declared
76,Bihar,5,Sitamarhi,DEVESH CHANDRA THAKUR,Janata Dal  (United),ARJUN RAY,Rashtriya Janata Dal,51356,Result Declared
77,Bihar,18,Siwan,VIJAYLAKSHMI DEVI,Janata Dal  (United),HENA SHAHAB,Independent,92857,Result Declared
78,Bihar,8,Supaul,DILESHWAR KAMAIT,Janata Dal  (United),CHANDRAHAS CHAUPAL,Rashtriya Janata Dal,169803,Result Declared
79,Bihar,22,Ujiarpur,NITYANAND RAI,Bharatiya Janata Party,ALOK KUMAR MEHTA,Rashtriya Janata Dal,60102,Result Declared
80,Bihar,16,Vaishali,VEENA DEVI,Lok Janshakti Party(Ram Vilas),VIJAY KUMAR SHUKLA,Rashtriya Janata Dal,89634,Result Declared
81,Bihar,1,Valmiki Nagar ,SUNIL KUMAR,Janata Dal  (United),DEEPAK YADAV,Rashtriya Janata Dal,98675,Result Declared
82,Goa,1,North Goa,SHRIPAD YESSO NAIK,Bharatiya Janata Party,RAMAKANT KHALAP,Indian National Congress,116015,Result Declared
83,Goa,2,South Goa,CAPTAIN  VIRIATO FERNANDES,Indian National Congress,PALLAVI SHRINIVAS DEMPO,Bharatiya Janata Party,13535,Result Declared
84,Gujarat,7,Ahmedabad East,HASMUKHBHAI PATEL (H.S.PATEL),Bharatiya Janata Party,HIMMATSINH PRAHLADSINH PATEL,Indian National Congress,461755,Result Declared
85,Gujarat,8,Ahmedabad West,DINESHBHAI MAKWANA (ADVOCATE),Bharatiya Janata Party,BHARAT YOGENDRA MAKWANA,Indian National Congress,286437,Result Declared
86,Gujarat,14,Amreli,BHARATBHAI MANUBHAI SUTARIYA,Bharatiya Janata Party,JENNY THUMMAR,Indian National Congress,321068,Result Declared
87,Gujarat,16,Anand,MITESH PATEL (BAKABHAI),Bharatiya Janata Party,AMIT CHAVDA,Indian National Congress,89939,Result Declared
88,Gujarat,2,Banaskantha,GENIBEN NAGAJI THAKOR,Indian National Congress,DR. REKHABEN HITESHBHAI CHAUDHARI,Bharatiya Janata Party,30406,Result Declared
89,Gujarat,23,Bardoli,PARBHUBHAI NAGARBHAI VASAVA,Bharatiya Janata Party,CHAUDHARY SIDDHARTH AMARSINH,Indian National Congress,230253,Result Declared
90,Gujarat,22,Bharuch,MANSUKHBHAI DHANJIBHAI VASAVA,Bharatiya Janata Party,CHAITARBHAI DAMJIBHAI VASAVA,Aam Aadmi Party,85696,Result Declared
91,Gujarat,15,Bhavnagar,NIMUBEN JAYANTIBHAI BAMBHANIYA (NIMUBEN BAMBHANIYA),Bharatiya Janata Party,UMESHBHAI NARANBHAI MAKWANA,Aam Aadmi Party,455289,Result Declared
92,Gujarat,21,Chhota Udaipur,JASHUBHAI BHILUBHAI RATHVA,Bharatiya Janata Party,SUKHRAMBHAI HARIYABHAI RATHWA,Indian National Congress,398777,Result Declared
93,Gujarat,19,Dahod,JASWANTSINH SUMANBHAI BHABHOR,Bharatiya Janata Party,DR. PRABHABEN KISHORSINH TAVIYAD,Indian National Congress,333677,Result Declared
94,Gujarat,6,Gandhinagar,AMIT SHAH,Bharatiya Janata Party,SONAL RAMANBHAI PATEL,Indian National Congress,744716,Result Declared
95,Gujarat,12,Jamnagar,POONAMBEN HEMATBHAI MAADAM,Bharatiya Janata Party,ADVOCATE J. P. MARAVIYA,Indian National Congress,238008,Result Declared
96,Gujarat,13,Junagadh,CHUDASAMA RAJESHBHAI NARANBHAI,Bharatiya Janata Party,JOTVA HIRABHAI ARJANBHAI,Indian National Congress,135494,Result Declared
97,Gujarat,1,Kachchh,CHAVDA VINOD LAKHAMSHI,Bharatiya Janata Party,NITESH PARBATBHAI LALAN (MATANG),Indian National Congress,268782,Result Declared
98,Gujarat,17,Kheda,DEVUSINH CHAUHAN,Bharatiya Janata Party,KALUSINH DABHI,Indian National Congress,357758,Result Declared
99,Gujarat,4,Mahesana,HARIBHAI PATEL,Bharatiya Janata Party,RAMJI THAKOR,Indian National Congress,328046,Result Declared
100,Gujarat,25,Navsari,C R PATIL,Bharatiya Janata Party,NAISHADHBHAI BHUPATBHAI  DESAI,Indian National Congress,773551,Result Declared
101,Gujarat,18,Panchmahal,RAJPALSINH MAHENDRASINH JADAV,Bharatiya Janata Party,GULABSINH SOMSINH CHAUHAN,Indian National Congress,509342,Result Declared
102,Gujarat,3,Patan,DABHI  BHARATSINHJI  SHANKARJI,Bharatiya Janata Party,CHANDANJI TALAJI THAKOR,Indian National Congress,31876,Result Declared
103,Gujarat,11,Porbandar,DR. MANSUKH MANDAVIYA,Bharatiya Janata Party,LALIT VASOYA,Indian National Congress,383360,Result Declared
104,Gujarat,10,Rajkot,PARSHOTTAMBHAI RUPALA,Bharatiya Janata Party,DHANANI PARESH,Indian National Congress,484260,Result Declared
105,Gujarat,5,Sabarkantha,SHOBHANABEN MAHENDRASINH BARAIYA,Bharatiya Janata Party,CHAUDHARI TUSHAR AMARSINH,Indian National Congress,155682,Result Declared
106,Gujarat,24,Surat,MUKESHKUMAR CHANDRAKAANT DALAL,Bharatiya Janata Party,,,-,Uncontested
107,Gujarat,9,Surendranagar,CHANDUBHAI CHHAGANBHAI SHIHORA,Bharatiya Janata Party,RUTVIKBHAI LAVJIBHAI MAKWANA,Indian National Congress,261617,Result Declared
108,Gujarat,20,Vadodara,DR. HEMANG JOSHI,Bharatiya Janata Party,PADHIYAR  JASHPALSINH MAHENDRASINH (BAPU),Indian National Congress,582126,Result Declared
109,Gujarat,26,Valsad,DHAVAL LAXMANBHAI PATEL,Bharatiya Janata Party,ANANTKUMAR HASMUKHBHAI PATEL,Indian National Congress,210704,Result Declared
110,Haryana,1,AMBALA,VARUN CHAUDHRY,Indian National Congress,BANTO KATARIA,Bharatiya Janata Party,49036,Result Declared
111,Haryana,8,BHIWANI-MAHENDRAGARH,DHARAMBIR SINGH,Bharatiya Janata Party,RAO DAN SINGH,Indian National Congress,41510,Result Declared
112,Haryana,10,FARIDABAD,KRISHAN PAL,Bharatiya Janata Party,MAHENDER PRATAP SINGH,Indian National Congress,172914,Result Declared
113,Haryana,9,GURGAON,RAO INDERJIT SINGH,Bharatiya Janata Party,RAJ BABBAR,Indian National Congress,75079,Result Declared
114,Haryana,4,HISAR,JAI PARKASH (J P) S/O HARIKESH,Indian National Congress,RANJIT SINGH,Bharatiya Janata Party,63381,Result Declared
115,Haryana,5,KARNAL,MANOHAR LAL,Bharatiya Janata Party,DIVYANSHU BUDHIRAJA,Indian National Congress,232577,Result Declared
116,Haryana,2,KURUKSHETRA,NAVEEN JINDAL,Bharatiya Janata Party,DR SUSHIL GUPTA,Aam Aadmi Party,29021,Result Declared
117,Haryana,7,ROHTAK,DEEPENDER SINGH HOODA,Indian National Congress,DR. ARVIND KUMAR SHARMA,Bharatiya Janata Party,345298,Result Declared
118,Haryana,3,SIRSA,SELJA,Indian National Congress,ASHOK TANWAR,Bharatiya Janata Party,268497,Result Declared
119,Haryana,6,SONIPAT,SATPAL BRAHAMCHARI,Indian National Congress,MOHAN LAL BADOLI,Bharatiya Janata Party,21816,Result Declared
120,Himachal Pradesh,3,HAMIRPUR,ANURAG SINGH THAKUR,Bharatiya Janata Party,SATPAL RAIZADA,Indian National Congress,182357,Result Declared
121,Himachal Pradesh,1,KANGRA,DR RAJEEV BHARDWAJ,Bharatiya Janata Party,ANAND SHARMA,Indian National Congress,251895,Result Declared
122,Himachal Pradesh,2,MANDI,KANGNA RANAUT,Bharatiya Janata Party,VIKRAMADITYA SINGH,Indian National Congress,74755,Result Declared
123,Himachal Pradesh,4,SHIMLA,Suresh Kumar Kashyap,Bharatiya Janata Party,Vinod Sultanpuri,Indian National Congress,91451,Result Declared
124,Karnataka,3,Bagalkot,GADDIGOUDAR. PARVATAGOUDA. CHANDANAGOUDA.,Bharatiya Janata Party,SAMYUKTA SHIVANAND PATIL,Indian National Congress,68399,Result Declared
125,Karnataka,25,Bangalore central,P C MOHAN,Bharatiya Janata Party,MANSOOR ALI KHAN,Indian National Congress,32707,Result Declared
126,Karnataka,24,Bangalore North,SHOBHA KARANDLAJE,Bharatiya Janata Party,PROFESSOR M.V RAJEEV GOWDA,Indian National Congress,259476,Result Declared
127,Karnataka,23,Bangalore Rural,DR C N MANJUNATH,Bharatiya Janata Party,D K SURESH,Indian National Congress,269647,Result Declared
128,Karnataka,26,Bangalore South,TEJASVI SURYA,Bharatiya Janata Party,SOWMYA REDDY,Indian National Congress,277083,Result Declared
129,Karnataka,2,Belgaum,JAGADISH SHETTAR,Bharatiya Janata Party,MRINAL R HEBBALKAR,Indian National Congress,178437,Result Declared
130,Karnataka,9,Bellary,E. TUKARAM,Indian National Congress,B. SREERAMULU,Bharatiya Janata Party,98992,Result Declared
131,Karnataka,7,Bidar,SAGAR ESHWAR KHANDRE,Indian National Congress,BHAGWANTH KHUBA,Bharatiya Janata Party,128875,Result Declared
132,Karnataka,4,Bijapur,RAMESH JIGAJINAGI,Bharatiya Janata Party,RAJU ALAGUR.,Indian National Congress,77229,Result Declared
133,Karnataka,22,Chamarajanagar,SUNIL BOSE,Indian National Congress,BALARAJ.S,Bharatiya Janata Party,188706,Result Declared
134,Karnataka,27,Chikkballapur,DR.K.SUDHAKAR,Bharatiya Janata Party,M.S. RAKSHA RAMAIAH,Indian National Congress,163460,Result Declared
135,Karnataka,1,Chikkodi,PRIYANKA SATISH JARKIHOLI,Indian National Congress,ANNASAHEB SHANKAR JOLLE,Bharatiya Janata Party,90834,Result Declared
136,Karnataka,18,Chitradurga,GOVIND MAKTHAPPA KARJOL,Bharatiya Janata Party,B.N.CHANDRAPPA,Indian National Congress,48121,Result Declared
137,Karnataka,17,Dakshina Kannada,CAPTAIN BRIJESH CHOWTA,Bharatiya Janata Party,PADMARAJ.R.POOJARY,Indian National Congress,149208,Result Declared
138,Karnataka,13,Davanagere,DR. PRABHA MALLIKARJUN,Indian National Congress,GAYITHRI SIDDESHWARA,Bharatiya Janata Party,26094,Result Declared
139,Karnataka,11,Dharwad,PRALHAD JOSHI,Bharatiya Janata Party,VINOD ASOOTI,Indian National Congress,97324,Result Declared
140,Karnataka,5,Gulbarga,RADHAKRISHNA,Indian National Congress,DR. UMESH G JADHAV,Bharatiya Janata Party,27205,Result Declared
141,Karnataka,16,Hassan,SHREYAS. M. PATEL,Indian National Congress,PRAJWAL REVANNA,Janata Dal  (Secular),42649,Result Declared
142,Karnataka,10,Haveri,BASAVARAJ BOMMAI,Bharatiya Janata Party,ANANDSWAMY GADDADEVARMATH,Indian National Congress,43513,Result Declared
143,Karnataka,28,Kolar,M. MALLESH BABU,Janata Dal  (Secular),K V GOWTHAM,Indian National Congress,71388,Result Declared
144,Karnataka,8,Koppal,K. RAJASHEKAR BASAVARAJ HITNAL,Indian National Congress,DR . BASAVARAJ. K. SHARANAPPA,Bharatiya Janata Party,46357,Result Declared
145,Karnataka,20,Mandya,H.D. KUMARASWAMY,Janata Dal  (Secular),VENKATARAMANE GOWDA (STAR CHANDRU),Indian National Congress,284620,Result Declared
146,Karnataka,21,Mysore,YADUVEER KRISHNADATTA CHAMARAJA WADIYAR,Bharatiya Janata Party,M. LAKSHMANA,Indian National Congress,139262,Result Declared
147,Karnataka,6,Raichur,G. KUMAR NAIK.,Indian National Congress,RAJA AMARESHWARA NAIK.,Bharatiya Janata Party,79781,Result Declared
148,Karnataka,14,Shimoga,B.Y.RAGHAVENDRA,Bharatiya Janata Party,GEETHA SHIVARAJKUMAR,Indian National Congress,243715,Result Declared
149,Karnataka,19,Tumkur,V. SOMANNA,Bharatiya Janata Party,S.P. MUDDAHANUMEGOWDA,Indian National Congress,175594,Result Declared
150,Karnataka,15,Udupi Chikmagalur,KOTA SRINIVAS POOJARY,Bharatiya Janata Party,K. JAYAPRAKASH HEGDE,Indian National Congress,259175,Result Declared
151,Karnataka,12,Uttara Kannada,VISHWESHWAR HEGDE KAGERI,Bharatiya Janata Party,DR. ANJALI NIMBALKAR,Indian National Congress,337428,Result Declared
152,Kerala,15,Alappuzha,K. C VENUGOPAL,Indian National Congress,A. M ARIFF,Communist Party of India  (Marxist),63513,Result Declared
153,Kerala,9,Alathur ,K.RADHAKRISHNAN,Communist Party of India  (Marxist),RAMYA HARIDAS,Indian National Congress,20111,Result Declared
154,Kerala,19,Attingal,ADV ADOOR PRAKASH,Indian National Congress,V JOY,Communist Party of India  (Marxist),684,Result Declared
155,Kerala,11,Chalakudy,BENNY BEHANAN,Indian National Congress,PROF C RAVEENDRANATH,Communist Party of India  (Marxist),63754,Result Declared
156,Kerala,12,Ernakulam,HIBI EDEN,Indian National Congress,K. J. SHINE TEACHER,Communist Party of India  (Marxist),250385,Result Declared
157,Kerala,13,Idukki,ADV. DEAN KURIAKOSE,Indian National Congress,ADV. JOICE GEORGE,Communist Party of India  (Marxist),133727,Result Declared
158,Kerala,2,Kannur,K. SUDHAKARAN,Indian National Congress,M.V. JAYARAJAN,Communist Party of India  (Marxist),108982,Result Declared
159,Kerala,1,Kasaragod,RAJMOHAN UNNITHAN,Indian National Congress,M.V BALAKRISHNAN MASTER,Communist Party of India  (Marxist),100649,Result Declared
160,Kerala,18,Kollam,N K PREMACHANDRAN,Revolutionary Socialist Party,M MUKESH,Communist Party of India  (Marxist),150302,Result Declared
161,Kerala,14,Kottayam,ADV K FRANCIS GEORGE,Kerala Congress,THOMAS CHAZHIKADAN,Kerala Congress  (M),87266,Result Declared
162,Kerala,5,Kozhikode,M. K. RAGHAVAN,Indian National Congress,ELAMARAM KAREEM,Communist Party of India  (Marxist),146176,Result Declared
163,Kerala,6,Malappuram,E.T.  MOHAMMED BASHEER,Indian Union Muslim League,V. VASEEF,Communist Party of India  (Marxist),300118,Result Declared
164,Kerala,16,Mavelikkara ,KODIKUNNIL SURESH,Indian National Congress,ADV ARUN KUMAR C A,Communist Party of India,10868,Result Declared
165,Kerala,8,Palakkad,V K SREEKANDAN,Indian National Congress,A VIJAYARAGHAVAN,Communist Party of India  (Marxist),75283,Result Declared
166,Kerala,17,Pathanamthitta,ANTO ANTONY,Indian National Congress,DR.T.M.THOMAS ISSAC,Communist Party of India  (Marxist),66119,Result Declared
167,Kerala,7,Ponnani,DR. M.P ABDUSSAMAD SAMADANI,Indian Union Muslim League,K.S HAMZA,Communist Party of India  (Marxist),235760,Result Declared
168,Kerala,20,Thiruvananthapuram,SHASHI THAROOR,Indian National Congress,RAJEEV CHANDRASEKHAR,Bharatiya Janata Party,16077,Result Declared
169,Kerala,10,Thrissur,SURESH GOPI,Bharatiya Janata Party,ADV V S SUNILKUMAR,Communist Party of India,74686,Result Declared
170,Kerala,3,Vadakara,SHAFI PARAMBIL,Indian National Congress,K K SHAILAJA TEACHER,Communist Party of India  (Marxist),114506,Result Declared
171,Kerala,4,Wayanad,RAHUL GANDHI,Indian National Congress,ANNIE RAJA,Communist Party of India,364422,Result Declared
172,Madhya Pradesh,15,BALAGHAT,BHARTI PARDHI,Bharatiya Janata Party,SAMRAT ASHOK SINGH SARASWAR,Indian National Congress,174512,Result Declared
173,Madhya Pradesh,29,BETUL,DURGADAS (D. D.) UIKEY,Bharatiya Janata Party,RAMU TEKAM,Indian National Congress,379761,Result Declared
174,Madhya Pradesh,2,BHIND,SANDHYA RAY,Bharatiya Janata Party,PHOOL SINGH BARAIYA,Indian National Congress,64840,Result Declared
175,Madhya Pradesh,19,BHOPAL,ALOK SHARMA,Bharatiya Janata Party,ADVOCATE ARUN SHRIVASTAVA,Indian National Congress,501499,Result Declared
176,Madhya Pradesh,16,CHHINDWARA,BUNTY VIVEK SAHU,Bharatiya Janata Party,NAKUL KAMALNATH,Indian National Congress,113618,Result Declared
177,Madhya Pradesh,7,DAMOH,RAHUL SINGH LODHI,Bharatiya Janata Party,TARBAR SINGH LODHI (BANTU BHAIYA),Indian National Congress,406426,Result Declared
178,Madhya Pradesh,21,DEWAS,MAHENDRA SINGH SOLANKY,Bharatiya Janata Party,RAJENDRA RADHAKISHAN MALVIYA,Indian National Congress,425225,Result Declared
179,Madhya Pradesh,25,DHAR,SAVITRI THAKUR,Bharatiya Janata Party,RADHESHYAM MUVEL,Indian National Congress,218665,Result Declared
180,Madhya Pradesh,4,GUNA,JYOTIRADITYA M. SCINDIA,Bharatiya Janata Party,YADVENDRA RAO DESHRAJ SINGH,Indian National Congress,540929,Result Declared
181,Madhya Pradesh,3,GWALIOR,BHARAT SINGH KUSHWAH,Bharatiya Janata Party,PRAVEEN PATHAK,Indian National Congress,70210,Result Declared
182,Madhya Pradesh,17,HOSHANGABAD,DARSHAN SINGH CHOUDHARY,Bharatiya Janata Party,SANJAY SHARMA SANJU BHAIYA,Indian National Congress,431696,Result Declared
183,Madhya Pradesh,26,INDORE,SHANKAR LALWANI,Bharatiya Janata Party,SANJAY S/O LAKSHMAN SOLANKI,Bahujan Samaj Party,1175092,Result Declared
184,Madhya Pradesh,13,JABALPUR,ASHISH DUBEY,Bharatiya Janata Party,DINESH YADAV,Indian National Congress,486674,Result Declared
185,Madhya Pradesh,8,KHAJURAHO,VISHNU DATT SHARMA (V.D.SHARMA),Bharatiya Janata Party,KAMLESH KUMAR,Bahujan Samaj Party,541229,Result Declared
186,Madhya Pradesh,28,KHANDWA,GYANESHWAR PATIL,Bharatiya Janata Party,NARENDRA PATEL,Indian National Congress,269971,Result Declared
187,Madhya Pradesh,27,KHARGONE,GAJENDRA SINGH PATEL,Bharatiya Janata Party,PORLAL BATHA KHARTE,Indian National Congress,135018,Result Declared
188,Madhya Pradesh,14,MANDLA,FAGGAN SINGH KULASTE,Bharatiya Janata Party,OMKAR SINGH MARKAM,Indian National Congress,103846,Result Declared
189,Madhya Pradesh,23,MANDSOUR,SUDHEER GUPTA,Bharatiya Janata Party,DILIP SINGH GURJAR,Indian National Congress,500655,Result Declared
190,Madhya Pradesh,1,MORENA,SHIVMANGAL SINGH TOMAR,Bharatiya Janata Party,NEETU SATYAPAL SINGH SIKARWAR,Indian National Congress,52530,Result Declared
191,Madhya Pradesh,20,RAJGARH,RODMAL NAGAR,Bharatiya Janata Party,DIGVIJAYA SINGH,Indian National Congress,146089,Result Declared
192,Madhya Pradesh,24,RATLAM,ANITA NAGARSINGH CHOUHAN,Bharatiya Janata Party,KANTILAL BHURIA,Indian National Congress,207232,Result Declared
193,Madhya Pradesh,10,REWA,JANARDAN MISHRA,Bharatiya Janata Party,NEELAM ABHAY MISHRA,Indian National Congress,193374,Result Declared
194,Madhya Pradesh,5,SAGAR,DR. LATA WANKHEDE,Bharatiya Janata Party,CHANDRA BHUSAN SINGH BUNDELA 'GUDDU RAJA',Indian National Congress,471222,Result Declared
195,Madhya Pradesh,9,SATNA,GANESH SINGH,Bharatiya Janata Party,DABBU SIDDHARTH SUKHLAL KUSHWAHA,Indian National Congress,84949,Result Declared
196,Madhya Pradesh,12,SHAHDOL,SMT. HIMADRI SINGH,Bharatiya Janata Party,PHUNDE LAL SINGH MARKO,Indian National Congress,397340,Result Declared
197,Madhya Pradesh,11,SIDHI,DR. RAJESH MISHRA,Bharatiya Janata Party,KAMLESHWAR INDRAJIT KUMAR,Indian National Congress,206416,Result Declared
198,Madhya Pradesh,6,TIKAMGARH,DR. VIRENDRA KUMAR,Bharatiya Janata Party,KHUMAN URF PANKAJ AHIRWAR,Indian National Congress,403312,Result Declared
199,Madhya Pradesh,22,UJJAIN,ANIL FIROJIYA,Bharatiya Janata Party,MAHESH PARMAR,Indian National Congress,375860,Result Declared
200,Madhya Pradesh,18,VIDISHA,SHIVRAJ SINGH CHOUHAN,Bharatiya Janata Party,PRATAPBHANU SHARMA,Indian National Congress,821408,Result Declared
201,Maharashtra,37,Ahmednagar,NILESH DNYANDEV LANKE,Nationalist Congress Party  Sharadchandra Pawar,DR. SUJAY RADHAKRISHNA VIKHEPATIL,Bharatiya Janata Party,28929,Result Declared
202,Maharashtra,6,Akola,ANUP SANJAY DHOTRE,Bharatiya Janata Party,ABHAY KASHINATH PATIL,Indian National Congress,40626,Result Declared
203,Maharashtra,7,Amravati ,BALWANT BASWANT WANKHADE,Indian National Congress,NAVNEET RAVI RANA,Bharatiya Janata Party,19731,Result Declared
204,Maharashtra,19,Aurangabad,BHUMARE SANDIPANRAO ASARAM,Shiv Sena,IMTIAZ JALEEL SYED,All India Majlis-E-Ittehadul Muslimeen,134650,Result Declared
205,Maharashtra,35,Baramati,SUPRIYA SULE,Nationalist Congress Party  Sharadchandra Pawar,SUNETRA AJITDADA PAWAR,Nationalist Congress Party,158333,Result Declared
206,Maharashtra,39,Beed,BAJRANG MANOHAR SONWANE,Nationalist Congress Party  Sharadchandra Pawar,PANKAJA GOPINATHRAO MUNDE,Bharatiya Janata Party,6553,Result Declared
207,Maharashtra,11,Bhandara Gondiya,DR. PRASHANT YADAORAO PADOLE,Indian National Congress,SUNIL BABURAO MENDHE,Bharatiya Janata Party,37380,Result Declared
208,Maharashtra,23,Bhiwandi,BALYA MAMA - SURESH GOPINATH MHATRE,Nationalist Congress Party  Sharadchandra Pawar,KAPIL MORESHWAR PATIL,Bharatiya Janata Party,66121,Result Declared
209,Maharashtra,5,Buldhana,JADHAV PRATAPRAO GANPATRAO,Shiv Sena,NARENDRA DAGDU KHEDEKAR,Shiv Sena (Uddhav Balasaheb Thackrey),29479,Result Declared
210,Maharashtra,13,Chandrapur,DHANORKAR PRATIBHA SURESH ALIAS BALUBHAU,Indian National Congress,MUNGANTIWAR SUDHIR SACCHIDANAND,Bharatiya Janata Party,260406,Result Declared
211,Maharashtra,2,Dhule,BACHHAV SHOBHA DINESH,Indian National Congress,BHAMRE SUBHASH RAMRAO,Bharatiya Janata Party,3831,Result Declared
212,Maharashtra,20,Dindori ,BHASKAR MURLIDHAR BHAGARE,Nationalist Congress Party  Sharadchandra Pawar,DR. BHARATI PRAVIN PAWAR,Bharatiya Janata Party,113199,Result Declared
213,Maharashtra,12,Gadchiroli - Chimur,DR. KIRSAN NAMDEO,Indian National Congress,ASHOK  MAHADEORAO NETE,Bharatiya Janata Party,141696,Result Declared
214,Maharashtra,48,Hatkanangale,DHAIRYASHEEL SAMBHAJIRAO MANE,Shiv Sena,SATYAJEET BABASAHEB PATIL (AABA) SARUDKAR,Shiv Sena (Uddhav Balasaheb Thackrey),13426,Result Declared
215,Maharashtra,15,Hingoli,AASHTIKAR PATIL NAGESH BAPURAO,Shiv Sena (Uddhav Balasaheb Thackrey),BABURAO KADAM KOHALIKAR,Shiv Sena,108602,Result Declared
216,Maharashtra,3,Jalgaon,SMITA UDAY WAGH,Bharatiya Janata Party,KARAN BALASAHEB PATIL - PAWAR,Shiv Sena (Uddhav Balasaheb Thackrey),251594,Result Declared
217,Maharashtra,18,Jalna,KALYAN VAIJINATHRAO KALE,Indian National Congress,DANVE RAOSAHEB DADARAO,Bharatiya Janata Party,109958,Result Declared
218,Maharashtra,24,Kalyan,DR SHRIKANT EKNATH SHINDE,Shiv Sena,VAISHALI DAREKAR - RANE,Shiv Sena (Uddhav Balasaheb Thackrey),209144,Result Declared
219,Maharashtra,47,Kolhapur,CHHATRAPATI SHAHU SHAHAJI,Indian National Congress,SANJAY SADASHIVRAO MANDLIK,Shiv Sena,154964,Result Declared
220,Maharashtra,41,Latur ,DR. KALGE SHIVAJI BANDAPPA,Indian National Congress,SUDHAKAR TUKARAM SHRANGARE,Bharatiya Janata Party,61881,Result Declared
221,Maharashtra,43,Madha,MOHITE-PATIL DHAIRYASHEEL RAJSINH,Nationalist Congress Party  Sharadchandra Pawar,RANJEETSINGH HINDURAO NAIK NIMBALKAR,Bharatiya Janata Party,120837,Result Declared
222,Maharashtra,33,Maval,SHRIRANG APPA CHANDU BARNE,Shiv Sena,SANJOG BHIKU WAGHERE PATIL,Shiv Sena (Uddhav Balasaheb Thackrey),96615,Result Declared
223,Maharashtra,26,Mumbai North,PIYUSH GOYAL,Bharatiya Janata Party,BHUSHAN PATIL,Indian National Congress,357608,Result Declared
224,Maharashtra,29,Mumbai North Central,GAIKWAD VARSHA EKNATH,Indian National Congress,ADV UJWAL NIKAM,Bharatiya Janata Party,16514,Result Declared
225,Maharashtra,28,Mumbai North East,SANJAY DINA PATIL,Shiv Sena (Uddhav Balasaheb Thackrey),MIHIR CHANDRAKANT KOTECHA,Bharatiya Janata Party,29861,Result Declared
226,Maharashtra,27,Mumbai North West,RAVINDRA DATTARAM WAIKAR,Shiv Sena,AMOL GAJANAN KIRTIKAR,Shiv Sena (Uddhav Balasaheb Thackrey),48,Result Declared
227,Maharashtra,31,Mumbai South,ARVIND GANPAT SAWANT,Shiv Sena (Uddhav Balasaheb Thackrey),YAMINI YASHWANT JADHAV,Shiv Sena,52673,Result Declared
228,Maharashtra,30,Mumbai South Central,ANIL YESHWANT DESAI,Shiv Sena (Uddhav Balasaheb Thackrey),RAHUL RAMESH SHEWALE,Shiv Sena,53384,Result Declared
229,Maharashtra,10,Nagpur,NITIN JAIRAM GADKARI,Bharatiya Janata Party,VIKAS THAKRE,Indian National Congress,137603,Result Declared
230,Maharashtra,16,Nanded,CHAVAN VASANTRAO BALWANTRAO,Indian National Congress,CHIKHALIKAR PRATAPRAO GOVINDRAO,Bharatiya Janata Party,59442,Result Declared
231,Maharashtra,1,Nandurbar,ADV GOWAAL KAGADA PADAVI,Indian National Congress,DR HEENA VIJAYKUMAR GAVIT,Bharatiya Janata Party,159120,Result Declared
232,Maharashtra,21,Nashik,RAJABHAU (PARAG) PRAKASH WAJE,Shiv Sena (Uddhav Balasaheb Thackrey),GODSE HEMANT TUKARAM,Shiv Sena,162001,Result Declared
233,Maharashtra,40,Osmanabad,OMPRAKASH BHUPALSINH ALIAS PAVAN RAJENIMBALKAR,Shiv Sena (Uddhav Balasaheb Thackrey),ARCHANA RANAJAGJITSINH PATIL,Nationalist Congress Party,329846,Result Declared
234,Maharashtra,22,Palghar,DR. HEMANT VISHNU SAVARA,Bharatiya Janata Party,BHARTI BHARAT KAMDI,Shiv Sena (Uddhav Balasaheb Thackrey),183306,Result Declared
235,Maharashtra,17,Parbhani,JADHAV SANJAY ( BANDU ) HARIBHAU,Shiv Sena (Uddhav Balasaheb Thackrey),JANKAR MAHADEV JAGANNATH,Rashtriya Samaj Paksha,134061,Result Declared
236,Maharashtra,34,Pune,MURLIDHAR MOHOL,Bharatiya Janata Party,DHANGEKAR RAVINDRA HEMRAJ,Indian National Congress,123038,Result Declared
237,Maharashtra,32,Raigad,TATKARE SUNIL DATTATREY,Nationalist Congress Party,ANANT GEETE,Shiv Sena (Uddhav Balasaheb Thackrey),82784,Result Declared
238,Maharashtra,9,Ramtek ,Shyamkumar (Babalu) Daulat Barve,Indian National Congress,RAJU DEONATH PARVE,Shiv Sena,76768,Result Declared
239,Maharashtra,46,Ratnagiri- Sindhudurg,NARAYAN TATU RANE,Bharatiya Janata Party,VINAYAK BHAURAO RAUT,Shiv Sena (Uddhav Balasaheb Thackrey),47858,Result Declared
240,Maharashtra,4,Raver,KHADSE RAKSHA NIKHIL,Bharatiya Janata Party,SHRIRAM DAYARAM PATIL,Nationalist Congress Party  Sharadchandra Pawar,272183,Result Declared
241,Maharashtra,44,Sangli,VISHAL (DADA) PRAKASHBAPU PATIL,Independent,SANJAY (KAKA) PATIL,Bharatiya Janata Party,100053,Result Declared
242,Maharashtra,45,Satara,SHRIMANT CHH UDAYANRAJE PRATAPSINHAMAHARAJ BHONSLE,Bharatiya Janata Party,SHASHIKANT JAYVANTRAO SHINDE,Nationalist Congress Party  Sharadchandra Pawar,32771,Result Declared
243,Maharashtra,38,Shirdi ,BHAUSAHEB RAJARAM WAKCHAURE,Shiv Sena (Uddhav Balasaheb Thackrey),LOKHANDE SADASHIV KISAN,Shiv Sena,50529,Result Declared
244,Maharashtra,36,Shirur,DR. AMOL RAMSING KOLHE,Nationalist Congress Party  Sharadchandra Pawar,ADHALRAO SHIVAJI DATTATREY,Nationalist Congress Party,140951,Result Declared
245,Maharashtra,42,Solapur,PRANITI SUSHILKUMAR SHINDE,Indian National Congress,RAM VITTHAL SATPUTE,Bharatiya Janata Party,74197,Result Declared
246,Maharashtra,25,Thane,NARESH GANPAT MHASKE,Shiv Sena,RAJAN BABURAO VICHARE,Shiv Sena (Uddhav Balasaheb Thackrey),217011,Result Declared
247,Maharashtra,8,Wardha,AMAR SHARADRAO KALE,Nationalist Congress Party  Sharadchandra Pawar,RAMDAS CHANDRABHAN TADAS,Bharatiya Janata Party,81648,Result Declared
248,Maharashtra,14,Yavatmal- Washim,SANJAY UTTAMRAO DESHMUKH,Shiv Sena (Uddhav Balasaheb Thackrey),RAJSHRITAI HEMANT PATIL (MAHALLE),Shiv Sena,94473,Result Declared
249,Manipur,1,Inner Manipur,ANGOMCHA BIMOL AKOIJAM,Indian National Congress,THOUNAOJAM BASANTA KUMAR SINGH,Bharatiya Janata Party,109801,Result Declared
250,Manipur,2,Outer Manipur,ALFRED KANNGAM S ARTHUR,Indian National Congress,KACHUI TIMOTHY ZIMIK,Naga Peoples Front,85418,Result Declared
251,Meghalaya,1,Shillong,DR. RICKY ANDREW J. SYNGKON,Voice of the People Party,VINCENT H. PALA,Indian National Congress,371910,Result Declared
252,Meghalaya,2,Tura,SALENG A SANGMA,Indian National Congress,AGATHA K SANGMA,National People's Party,155241,Result Declared
253,Mizoram,1,MIZORAM,RICHARD VANLALHMANGAIHA,Zoram Peoples Movement,K VANLALVENA,Mizo National Front,68288,Result Declared
254,Nagaland,1,Nagaland,S SUPONGMEREN JAMIR,Indian National Congress,DR CHUMBEN MURRY,Nationalist Democratic Progressive Party,50984,Result Declared
255,Odisha,19,Aska,ANITA SUBHADARSHINI,Bharatiya Janata Party,RANJITA SAHU,Biju Janata Dal,99974,Result Declared
256,Odisha,6,Balasore,PRATAP CHANDRA SARANGI,Bharatiya Janata Party,LEKHASRI SAMANTSINGHAR,Biju Janata Dal,147156,Result Declared
257,Odisha,1,Bargarh,PRADEEP PUROHIT,Bharatiya Janata Party,PARINITA MISHRA,Biju Janata Dal,251667,Result Declared
258,Odisha,20,Berhampur,DR. PRADEEP KUMAR PANIGRAHY,Bharatiya Janata Party,BHRUGU BAXIPATRA,Biju Janata Dal,165476,Result Declared
259,Odisha,7,Bhadrak,AVIMANYU SETHI,Bharatiya Janata Party,MANJULATA MANDAL,Biju Janata Dal,91544,Result Declared
260,Odisha,18,Bhubaneswar,APARAJITA SARANGI,Bharatiya Janata Party,MANMATH KUMAR ROUTRAY,Biju Janata Dal,35152,Result Declared
261,Odisha,10,Bolangir,SANGEETA KUMARI SINGH DEO,Bharatiya Janata Party,SURENDRA SINGH BHOI,Biju Janata Dal,132664,Result Declared
262,Odisha,14,Cuttack,BHARTRUHARI MAHTAB,Bharatiya Janata Party,SANTRUPT MISRA,Biju Janata Dal,57077,Result Declared
263,Odisha,9,Dhenkanal,RUDRA NARAYAN PANY,Bharatiya Janata Party,ABINASH SAMAL,Biju Janata Dal,76567,Result Declared
264,Odisha,16,Jagatsinghpur,BIBHU PRASAD TARAI,Bharatiya Janata Party,DR. RAJASHREE MALLICK,Biju Janata Dal,40696,Result Declared
265,Odisha,8,Jajpur,RABINDRA NARAYAN BEHERA,Bharatiya Janata Party,SARMISTHA SETHI,Biju Janata Dal,1587,Result Declared
266,Odisha,11,Kalahandi,MALVIKA DEVI,Bharatiya Janata Party,LAMBODAR NIAL,Biju Janata Dal,133813,Result Declared
267,Odisha,13,Kandhamal,SUKANTA KUMAR PANIGRAHI,Bharatiya Janata Party,ACHYUTANANDA SAMANTA,Biju Janata Dal,21371,Result Declared
268,Odisha,15,Kendrapara,BAIJAYANT PANDA,Bharatiya Janata Party,ANSHUMAN MOHANTY,Biju Janata Dal,66536,Result Declared
269,Odisha,4,Keonjhar,ANANTA NAYAK,Bharatiya Janata Party,DHANURJAYA SIDU,Biju Janata Dal,97042,Result Declared
270,Odisha,21,Koraput,SAPTAGIRI SANKAR ULAKA,Indian National Congress,KAUSALYA HIKAKA,Biju Janata Dal,147744,Result Declared
271,Odisha,5,Mayurbhanj,NABA CHARAN MAJHI,Bharatiya Janata Party,SUDAM MARNDI,Biju Janata Dal,219334,Result Declared
272,Odisha,12,Nabarangpur,BALABHADRA MAJHI,Bharatiya Janata Party,PRADEEP KUMAR MAJHI,Biju Janata Dal,87536,Result Declared
273,Odisha,17,Puri,SAMBIT PATRA,Bharatiya Janata Party,ARUP MOHAN PATNAIK,Biju Janata Dal,104709,Result Declared
274,Odisha,3,Sambalpur,DHARMENDRA PRADHAN,Bharatiya Janata Party,PRANAB PRAKASH DAS,Biju Janata Dal,119836,Result Declared
275,Odisha,2,Sundargarh,JUAL ORAM,Bharatiya Janata Party,DILIP KUMAR TIRKEY,Biju Janata Dal,138808,Result Declared
276,Punjab,2,Amritsar,GURJEET SINGH AUJLA,Indian National Congress,KULDEEP SINGH DHALIWAL,Aam Aadmi Party,40301,Result Declared
277,Punjab,6,Anandpur Sahib,MALVINDER SINGH KANG,Aam Aadmi Party,VIJAY INDER SINGLA,Indian National Congress,10846,Result Declared
278,Punjab,11,Bathinda,HARSIMRAT KAUR BADAL,Shiromani Akali Dal,GURMEET SINGH KHUDIAN,Aam Aadmi Party,49656,Result Declared
279,Punjab,9,Faridkot,SARABJEET SINGH KHALSA,Independent,KARAMJIT SINGH ANMOL,Aam Aadmi Party,70053,Result Declared
280,Punjab,8,Fatehgarh Sahib,AMAR SINGH,Indian National Congress,GURPREET SINGH GP,Aam Aadmi Party,34202,Result Declared
281,Punjab,10,Firozpur,SHER SINGH GHUBAYA,Indian National Congress,JAGDEEP SINGH KAKA BRAR,Aam Aadmi Party,3242,Result Declared
282,Punjab,1,Gurdaspur,SUKHJINDER SINGH RANDHAWA,Indian National Congress,DINESH SINGH BABBU,Bharatiya Janata Party,82861,Result Declared
283,Punjab,5,Hoshiarpur,DR. RAJ KUMAR CHABBEWAL,Aam Aadmi Party,YAMINI GOMAR,Indian National Congress,44111,Result Declared
284,Punjab,4,Jalandhar,CHARANJIT SINGH CHANNI,Indian National Congress,SUSHIL KUMAR RINKU,Bharatiya Janata Party,175993,Result Declared
285,Punjab,3,Khadoor Sahib,AMRITPAL SINGH,Independent,KULBIR SINGH ZIRA,Indian National Congress,197120,Result Declared
286,Punjab,7,Ludhiana,AMRINDER SINGH RAJA WARRING,Indian National Congress,RAVNEET SINGH BITTU,Bharatiya Janata Party,20942,Result Declared
287,Punjab,13,Patiala,DR DHARAMVIRA GANDHI,Indian National Congress,DR BALBIR SINGH,Aam Aadmi Party,14831,Result Declared
288,Punjab,12,Sangrur,GURMEET SINGH MEET HAYER,Aam Aadmi Party,SUKHPAL SINGH KHAIRA,Indian National Congress,172560,Result Declared
289,Rajasthan,13,AJMER ,BHAGIRATH CHOUDHARY,Bharatiya Janata Party,RAMCHANDRA CHOUDHARY,Indian National Congress,329991,Result Declared
290,Rajasthan,8,ALWAR,BHUPENDER YADAV,Bharatiya Janata Party,LALIT YADAV,Indian National Congress,48282,Result Declared
291,Rajasthan,20,BANSWARA ,RAJ KUMAR ROAT,Bharat Adivasi Party,MAHENDRAJEETSINGH MALVIYA,Bharatiya Janata Party,247054,Result Declared
292,Rajasthan,17,BARMER,UMMEDA RAM BENIWAL,Indian National Congress,RAVINDRA SINGH BHATI,Independent,118176,Result Declared
293,Rajasthan,9,BHARATPUR ,SANJNA JATAV,Indian National Congress,RAMSWAROOP KOLI,Bharatiya Janata Party,51983,Result Declared
294,Rajasthan,23,BHILWARA,DAMODAR AGARWAL,Bharatiya Janata Party,C P JOSHI,Indian National Congress,354606,Result Declared
295,Rajasthan,2,BIKANER ,ARJUN RAM MEGHWAL,Bharatiya Janata Party,GOVINDRAM MEGHWAL,Indian National Congress,55711,Result Declared
296,Rajasthan,21,CHITTORGARH,CHANDRA PRAKASH JOSHI,Bharatiya Janata Party,ANJANA UDAILAL,Indian National Congress,389877,Result Declared
297,Rajasthan,3,CHURU,RAHUL KASWAN,Indian National Congress,DEVENDRA JHAJHARIA,Bharatiya Janata Party,72737,Result Declared
298,Rajasthan,11,DAUSA ,MURARI LAL MEENA,Indian National Congress,KANHAIYA LAL MEENA,Bharatiya Janata Party,237340,Result Declared
299,Rajasthan,1,GANGANAGAR ,KULDEEP INDORA,Indian National Congress,PRIYANKA BALAN MEGHWAL,Bharatiya Janata Party,88153,Result Declared
300,Rajasthan,7,JAIPUR,MANJU SHARMA,Bharatiya Janata Party,PRATAP SINGH KHACHARIYAWAS,Indian National Congress,331767,Result Declared
301,Rajasthan,6,JAIPUR RURAL,RAO RAJENDRA SINGH,Bharatiya Janata Party,ANIL CHOPRA,Indian National Congress,1615,Result Declared
302,Rajasthan,18,JALORE ,LUMBARAM,Bharatiya Janata Party,VAIBHAV GEHLOT,Indian National Congress,201543,Result Declared
303,Rajasthan,25,JHALAWAR-BARAN,DUSHYANT SINGH,Bharatiya Janata Party,URMILA JAIN BHAYA,Indian National Congress,370989,Result Declared
304,Rajasthan,4,JHUNJHUNU     ,BRIJENDRA SINGH OLA,Indian National Congress,SHUBHKARAN CHOUDHARY,Bharatiya Janata Party,18235,Result Declared
305,Rajasthan,16,JODHPUR,GAJENDRA SINGH SHEKHAWAT,Bharatiya Janata Party,KARAN SINGH UCHIYARDA,Indian National Congress,115677,Result Declared
306,Rajasthan,10,KARAULI-DHOLPUR ,BHAJAN LAL JATAV,Indian National Congress,INDU DEVI,Bharatiya Janata Party,98945,Result Declared
307,Rajasthan,24,KOTA,OM BIRLA,Bharatiya Janata Party,PRAHLAD GUNJAL,Indian National Congress,41974,Result Declared
308,Rajasthan,14,NAGAUR,HANUMAN BENIWAL,Rashtriya Loktantrik Party,JYOTI MIRDHA,Bharatiya Janata Party,42225,Result Declared
309,Rajasthan,15,PALI,P. P. CHAUDHARY,Bharatiya Janata Party,SANGEETA BENIWAL,Indian National Congress,245351,Result Declared
310,Rajasthan,22,RAJSAMAND,MAHIMA KUMARI MEWAR,Bharatiya Janata Party,DR. DAMODAR GURJAR,Indian National Congress,392223,Result Declared
311,Rajasthan,5,SIKAR,AMRARAM,Communist Party of India  (Marxist),SUMEDHANAND SARASWATI,Bharatiya Janata Party,72896,Result Declared
312,Rajasthan,12,TONK-SAWAI MADHOPUR ,HARISH CHANDRA MEENA,Indian National Congress,SUKHBIR SINGH JAUNAPURIA,Bharatiya Janata Party,64949,Result Declared
313,Rajasthan,19,UDAIPUR ,MANNA LAL RAWAT,Bharatiya Janata Party,TARACHAND MEENA,Indian National Congress,261608,Result Declared
314,Sikkim,1,Sikkim,INDRA HANG SUBBA,Sikkim Krantikari Morcha,BHARAT BASNETT,Citizen Action Party-Sikkim,80830,Result Declared
315,Tamil Nadu,7,ARAKKONAM,S JAGATHRATCHAKAN,Dravida Munnetra Kazhagam,L VIJAYAN,All India Anna Dravida Munnetra Kazhagam,306559,Result Declared
316,Tamil Nadu,12,ARANI,THARANIVENTHAN M S,Dravida Munnetra Kazhagam,"GAJENDRAN, G.V.",All India Anna Dravida Munnetra Kazhagam,208766,Result Declared
317,Tamil Nadu,4,CHENNAI CENTRAL,DAYANIDHI MARAN,Dravida Munnetra Kazhagam,VINOJ,Bharatiya Janata Party,244689,Result Declared
318,Tamil Nadu,2,CHENNAI NORTH,DR.KALANIDHI VEERASWAMY,Dravida Munnetra Kazhagam,R. MANOHAR,All India Anna Dravida Munnetra Kazhagam,339222,Result Declared
319,Tamil Nadu,3,CHENNAI SOUTH,T.SUMATHY (ALIAS) THAMIZHACHI THANGAPANDIAN,Dravida Munnetra Kazhagam,DR.TAMILISAI SOUNDARARAJAN,Bharatiya Janata Party,225945,Result Declared
320,Tamil Nadu,27,CHIDAMBARAM,THIRUMAAVALAVAN THOL,Viduthalai Chiruthaigal Katchi,CHANDRAHASAN M,All India Anna Dravida Munnetra Kazhagam,103554,Result Declared
321,Tamil Nadu,20,COIMBATORE,GANAPATHY RAJKUMAR P,Dravida Munnetra Kazhagam,ANNAMALAI K,Bharatiya Janata Party,118068,Result Declared
322,Tamil Nadu,26,CUDDALORE,M.K. VISHNUPRASAD,Indian National Congress,P. SIVAKOZHUNDU,Desiya Murpokku Dravida Kazhagam,185896,Result Declared
323,Tamil Nadu,10,DHARMAPURI,MANI. A.,Dravida Munnetra Kazhagam,SOWMIYA ANBUMANI,Pattali Makkal Katchi,21300,Result Declared
324,Tamil Nadu,22,DINDIGUL,SACHITHANANTHAM R,Communist Party of India  (Marxist),MOHAMED MUBARAK M A,All India Anna Dravida Munnetra Kazhagam,443821,Result Declared
325,Tamil Nadu,17,ERODE,K E PRAKASH,Dravida Munnetra Kazhagam,ASHOK KUMAR,All India Anna Dravida Munnetra Kazhagam,236566,Result Declared
326,Tamil Nadu,14,KALLAKURICHI,MALAIYARASAN D,Dravida Munnetra Kazhagam,KUMARAGURU R,All India Anna Dravida Munnetra Kazhagam,53784,Result Declared
327,Tamil Nadu,6,KANCHEEPURAM,SELVAM. G,Dravida Munnetra Kazhagam,RAJASEKAR. E,All India Anna Dravida Munnetra Kazhagam,221473,Result Declared
328,Tamil Nadu,39,KANNIYAKUMARI,VIJAYAKUMAR (Alias) VIJAY VASANTH,Indian National Congress,RADHAKRISHNAN P,Bharatiya Janata Party,179907,Result Declared
329,Tamil Nadu,23,KARUR,JOTHIMANI. S,Indian National Congress,THANGAVEL. L,All India Anna Dravida Munnetra Kazhagam,166816,Result Declared
330,Tamil Nadu,9,KRISHNAGIRI,GOPINATH K,Indian National Congress,JAYAPRAKASH V,All India Anna Dravida Munnetra Kazhagam,192486,Result Declared
331,Tamil Nadu,32,MADURAI,VENKATESAN S,Communist Party of India  (Marxist),RAAMA SREENIVASAN,Bharatiya Janata Party,209409,Result Declared
332,Tamil Nadu,28,MAYILADUTHURAI,SUDHA R,Indian National Congress,BABU P,All India Anna Dravida Munnetra Kazhagam,271183,Result Declared
333,Tamil Nadu,29,NAGAPATTINAM,SELVARAJ V,Communist Party of India,DR SURSITH SANKAR G,All India Anna Dravida Munnetra Kazhagam,208957,Result Declared
334,Tamil Nadu,16,NAMAKKAL,MATHESWARAN V S,Dravida Munnetra Kazhagam,TAMILMANI S,All India Anna Dravida Munnetra Kazhagam,29112,Result Declared
335,Tamil Nadu,19,NILGIRIS,RAJA A,Dravida Munnetra Kazhagam,DR MURUGAN L,Bharatiya Janata Party,240585,Result Declared
336,Tamil Nadu,25,PERAMBALUR,ARUN NEHRU,Dravida Munnetra Kazhagam,CHANDRAMOHAN N D,All India Anna Dravida Munnetra Kazhagam,389107,Result Declared
337,Tamil Nadu,21,POLLACHI,ESWARASAMY K,Dravida Munnetra Kazhagam,KARTHIKEYAN A,All India Anna Dravida Munnetra Kazhagam,252042,Result Declared
338,Tamil Nadu,35,RAMANATHAPURAM,NAVASKANI K,Indian Union Muslim League,PANNEERSELVAM O S/O OTTAKARATHEVAR,Independent,166782,Result Declared
339,Tamil Nadu,15,SALEM,SELVAGANAPATHI T M,Dravida Munnetra Kazhagam,VIGNESH P,All India Anna Dravida Munnetra Kazhagam,70357,Result Declared
340,Tamil Nadu,31,SIVAGANGA,KARTI P CHIDAMBARAM,Indian National Congress,XAVIERDASS A,All India Anna Dravida Munnetra Kazhagam,205664,Result Declared
341,Tamil Nadu,5,SRIPERUMBUDUR,T R BAALU,Dravida Munnetra Kazhagam,G PREMKUMAR,All India Anna Dravida Munnetra Kazhagam,487029,Result Declared
342,Tamil Nadu,37,TENKASI,DR RANI SRI KUMAR,Dravida Munnetra Kazhagam,DR K KRISHNASAMY,All India Anna Dravida Munnetra Kazhagam,196199,Result Declared
343,Tamil Nadu,30,THANJAVUR,MURASOLI S,Dravida Munnetra Kazhagam,SIVANESAN P,Desiya Murpokku Dravida Kazhagam,319583,Result Declared
344,Tamil Nadu,33,THENI,THANGA TAMILSELVAN,Dravida Munnetra Kazhagam,TTV DHINAKARAN,Amma Makkal Munnettra Kazagam,278825,Result Declared
345,Tamil Nadu,36,THOOTHUKKUDI,KANIMOZHI KARUNANIDHI,Dravida Munnetra Kazhagam,SIVASAMY VELUMANI R,All India Anna Dravida Munnetra Kazhagam,392738,Result Declared
346,Tamil Nadu,24,TIRUCHIRAPPALLI,DURAI VAIKO,Marumalarchi Dravida Munnetra Kazhagam,KARUPPAIAH. P,All India Anna Dravida Munnetra Kazhagam,313094,Result Declared
347,Tamil Nadu,38,TIRUNELVELI,ROBERT BRUCE C,Indian National Congress,NAINAR NAGENTHRAN,Bharatiya Janata Party,165620,Result Declared
348,Tamil Nadu,18,TIRUPPUR,"SUBBARAYAN, K.",Communist Party of India,"ARUNACHALAM, P.",All India Anna Dravida Munnetra Kazhagam,125928,Result Declared
349,Tamil Nadu,1,TIRUVALLUR,Sasikanth Senthil,Indian National Congress,"Balaganapathy, V. Pon",Bharatiya Janata Party,572155,Result Declared
350,Tamil Nadu,11,TIRUVANNAMALAI,"ANNADURAI, C.N.",Dravida Munnetra Kazhagam,KALIYAPERUMAL M,All India Anna Dravida Munnetra Kazhagam,233931,Result Declared
351,Tamil Nadu,8,VELLORE,DM KATHIR ANAND,Dravida Munnetra Kazhagam,AC SHANMUGAM,Bharatiya Janata Party,215702,Result Declared
352,Tamil Nadu,13,VILUPPURAM,RAVIKUMAR. D,Viduthalai Chiruthaigal Katchi,BHAGYARAJ. J,All India Anna Dravida Munnetra Kazhagam,70703,Result Declared
353,Tamil Nadu,34,VIRUDHUNAGAR,MANICKAM TAGORE B,Indian National Congress,VIJAYAPRABHAKARAN V,Desiya Murpokku Dravida Kazhagam,4379,Result Declared
354,Tripura,2,Tripura East,KRITI DEVI DEBBARMAN,Bharatiya Janata Party,RAJENDRA REANG,Communist Party of India  (Marxist),486819,Result Declared
355,Tripura,1,Tripura West,BIPLAB KUMAR DEB,Bharatiya Janata Party,ASISH KUMAR SAHA,Indian National Congress,611578,Result Declared
356,Uttar Pradesh,18,Agra,PROF S P SINGH BAGHEL,Bharatiya Janata Party,SURESH CHAND KARDAM,Samajwadi Party,271294,Result Declared
357,Uttar Pradesh,44,Akbarpur,DEVENDRA SINGH ALIAS BHOLE SINGH,Bharatiya Janata Party,RAJARAM PAL,Samajwadi Party,44345,Result Declared
358,Uttar Pradesh,15,Aligarh,SATISH KUMAR GAUTAM,Bharatiya Janata Party,BIJENDRA SINGH,Samajwadi Party,15647,Result Declared
359,Uttar Pradesh,52,Allahabad,UJJWAL RAMAN SINGH,Indian National Congress,NEERAJ TRIPATHI,Bharatiya Janata Party,58795,Result Declared
360,Uttar Pradesh,55,Ambedkar Nagar,LALJI VERMA,Samajwadi Party,RITESH PANDEY,Bharatiya Janata Party,137247,Result Declared
361,Uttar Pradesh,37,Amethi,KISHORI LAL,Indian National Congress,SMRITI IRANI,Bharatiya Janata Party,167196,Result Declared
362,Uttar Pradesh,9,Amroha,KANWAR SINGH TANWAR,Bharatiya Janata Party,KUNWAR DANISH ALI,Indian National Congress,28670,Result Declared
363,Uttar Pradesh,24,Aonla,NEERAJ MAURYA,Samajwadi Party,DHARMENDRA KASHYAP,Bharatiya Janata Party,15969,Result Declared
364,Uttar Pradesh,69,Azamgarh,DHARMENDRA YADAV,Samajwadi Party,DINESH LAL YADAV NIRAHUA,Bharatiya Janata Party,161035,Result Declared
365,Uttar Pradesh,23,Badaun,ADITYA YADAV,Samajwadi Party,DURVIJAY SINGH SHAKYA,Bharatiya Janata Party,34991,Result Declared
366,Uttar Pradesh,11,Baghpat,DR RAJKUMAR SANGWAN,Rashtriya Lok Dal,AMARPAL,Samajwadi Party,159459,Result Declared
367,Uttar Pradesh,56,Baharaich,ANAND KUMAR,Bharatiya Janata Party,RAMESH CHANDRA,Samajwadi Party,64227,Result Declared
368,Uttar Pradesh,72,Ballia,SANATAN PANDEY,Samajwadi Party,NEERAJ SHEKHAR,Bharatiya Janata Party,43384,Result Declared
369,Uttar Pradesh,48,Banda,KRISHNA DEVI SHIVSHANKER PATEL,Samajwadi Party,R. K. SINGH PATEL,Bharatiya Janata Party,71210,Result Declared
370,Uttar Pradesh,67,Bansgaon,KAMLESH PASWAN,Bharatiya Janata Party,SADAL PRASAD,Indian National Congress,3150,Result Declared
371,Uttar Pradesh,53,Barabanki,TANUJ PUNIA,Indian National Congress,RAJRANI RAWAT,Bharatiya Janata Party,215704,Result Declared
372,Uttar Pradesh,25,Bareilly,CHHATRA PAL SINGH GANGWAR,Bharatiya Janata Party,PRAVEEN SINGH ARON,Samajwadi Party,34804,Result Declared
373,Uttar Pradesh,61,Basti,RAM PRASAD CHAUDHARY,Samajwadi Party,HARISH CHANDRA ALIAS HARISH DWIVEDI,Bharatiya Janata Party,100994,Result Declared
374,Uttar Pradesh,78,Bhadohi,DR. VINOD KUMAR BIND,Bharatiya Janata Party,LALITESHPATI TRIPATHI,All India Trinamool Congress,44072,Result Declared
375,Uttar Pradesh,4,Bijnor,CHANDAN CHAUHAN,Rashtriya Lok Dal,DEEPAK,Samajwadi Party,37508,Result Declared
376,Uttar Pradesh,14,Bulandshahr,DR BHOLA SINGH,Bharatiya Janata Party,SHIVRAM,Indian National Congress,275134,Result Declared
377,Uttar Pradesh,76,Chandauli,BIRENDRA SINGH,Samajwadi Party,DR. MAHENDRA NATH  PANDEY,Bharatiya Janata Party,21565,Result Declared
378,Uttar Pradesh,66,Deoria,SHASHANK MANI,Bharatiya Janata Party,AKHILESH PRATAP SINGH,Indian National Congress,34842,Result Declared
379,Uttar Pradesh,29,Dhaurahra,ANAND BHADAURIYA,Samajwadi Party,REKHA VERMA,Bharatiya Janata Party,4449,Result Declared
380,Uttar Pradesh,60,Domariyaganj,JAGDAMBIKA PAL,Bharatiya Janata Party,BHISHMA SHANKAR ALIAS KUSHAL TIWARI,Samajwadi Party,42728,Result Declared
381,Uttar Pradesh,22,Etah,DEVESH SHAKYA,Samajwadi Party,RAJVEER SINGH (RAJU BHAIYA),Bharatiya Janata Party,28052,Result Declared
382,Uttar Pradesh,41,Etawah,JITENDRA KUMAR DOHARE,Samajwadi Party,DR RAM SHANKAR KATHERIA,Bharatiya Janata Party,58419,Result Declared
383,Uttar Pradesh,54,Faizabad,AWADHESH PRASAD,Samajwadi Party,LALLU SINGH,Bharatiya Janata Party,54567,Result Declared
384,Uttar Pradesh,40,Farrukhabad,MUKESH RAJPUT,Bharatiya Janata Party,DR. NAVAL KISHOR SHAKYA,Samajwadi Party,2678,Result Declared
385,Uttar Pradesh,49,Fatehpur,NARESH CHANDRA UTTAM PATEL,Samajwadi Party,NIRANJAN JYOTI,Bharatiya Janata Party,33199,Result Declared
386,Uttar Pradesh,19,Fatehpur Sikri,RAJKUMAR CHAHAR,Bharatiya Janata Party,RAMNATH SINGH SIKARWAR,Indian National Congress,43405,Result Declared
387,Uttar Pradesh,20,Firozabad,AKSHAYA YADAV,Samajwadi Party,VISHWADEEP SINGH,Bharatiya Janata Party,89312,Result Declared
388,Uttar Pradesh,13,Gautam Buddha Nagar,DR. MAHESH SHARMA,Bharatiya Janata Party,DR. MAHENDRA SINGH NAGAR,Samajwadi Party,559472,Result Declared
389,Uttar Pradesh,12,Ghaziabad,ATUL GARG,Bharatiya Janata Party,DOLLY SHARMA,Indian National Congress,336965,Result Declared
390,Uttar Pradesh,75,Ghazipur,AFZAL ANSARI,Samajwadi Party,PARS NATH RAI,Bharatiya Janata Party,124861,Result Declared
391,Uttar Pradesh,70,Ghosi,RAJEEV RAI,Samajwadi Party,DR. ARVIND RAJBHAR,Suheldev Bharatiya Samaj Party,162943,Result Declared
392,Uttar Pradesh,59,Gonda,KIRTIVARDHAN SINGH,Bharatiya Janata Party,SHREYA VERMA,Samajwadi Party,46224,Result Declared
393,Uttar Pradesh,64,Gorakhpur,RAVINDRA SHUKLA ALIAS RAVI KISHAN,Bharatiya Janata Party,KAJAL NISHAD,Samajwadi Party,103526,Result Declared
394,Uttar Pradesh,47,Hamirpur,AJENDRA SINGH LODHI,Samajwadi Party,KUNWAR PUSHPENDRA SINGH CHANDEL,Bharatiya Janata Party,2629,Result Declared
395,Uttar Pradesh,31,Hardoi,JAI PRAKASH,Bharatiya Janata Party,USHA VERMA,Samajwadi Party,27856,Result Declared
396,Uttar Pradesh,16,Hathras,ANOOP PRADHAN BALMIKI,Bharatiya Janata Party,JASVEER VALMIKI,Samajwadi Party,247318,Result Declared
397,Uttar Pradesh,45,Jalaun,NARAYAN DAS AHIRWAR,Samajwadi Party,BHANU PRATAP SINGH VERMA,Bharatiya Janata Party,53898,Result Declared
398,Uttar Pradesh,73,Jaunpur,BABU SINGH KUSHWAHA,Samajwadi Party,KRIPASHANKAR SINGH,Bharatiya Janata Party,99335,Result Declared
399,Uttar Pradesh,46,Jhansi,ANURAG SHARMA,Bharatiya Janata Party,"PRADEEP JAIN ""ADITYA""",Indian National Congress,102614,Result Declared
400,Uttar Pradesh,2,Kairana,IQRA CHOUDHARY,Samajwadi Party,PRADEEP KUMAR,Bharatiya Janata Party,69116,Result Declared
401,Uttar Pradesh,57,Kaiserganj,KARAN BHUSHAN SINGH,Bharatiya Janata Party,BHAGAT RAM,Samajwadi Party,148843,Result Declared
402,Uttar Pradesh,42,Kannauj,AKHILESH YADAV,Samajwadi Party,SUBRAT PATHAK,Bharatiya Janata Party,170922,Result Declared
403,Uttar Pradesh,43,Kanpur,RAMESH AWASTHI,Bharatiya Janata Party,ALOK MISRA,Indian National Congress,20968,Result Declared
404,Uttar Pradesh,50,Kaushambi,PUSHPENDRA SAROJ,Samajwadi Party,VINOD KUMAR SONKAR,Bharatiya Janata Party,103944,Result Declared
405,Uttar Pradesh,28,Kheri,UTKARSH VERMA 'MADHUR',Samajwadi Party,AJAY KUMAR,Bharatiya Janata Party,34329,Result Declared
406,Uttar Pradesh,65,Kushi Nagar,VIJAY KUMAR DUBAY,Bharatiya Janata Party,AJAY PRATAP SINGH URF PINTU SAITHWAR,Samajwadi Party,81790,Result Declared
407,Uttar Pradesh,68,Lalganj,DAROGA PRASAD SAROJ,Samajwadi Party,NEELAM SONKER,Bharatiya Janata Party,115023,Result Declared
408,Uttar Pradesh,35,Lucknow,RAJ NATH SINGH,Bharatiya Janata Party,RAVIDAS MEHROTRA,Samajwadi Party,135159,Result Declared
409,Uttar Pradesh,74,Machhlishahr,PRIYA SAROJ,Samajwadi Party,BHOLANATH (B.P. SAROJ),Bharatiya Janata Party,35850,Result Declared
410,Uttar Pradesh,63,Maharajganj,PANKAJ CHAUDHARY,Bharatiya Janata Party,VIRENDRA CHAUDHARY,Indian National Congress,35451,Result Declared
411,Uttar Pradesh,21,Mainpuri,DIMPLE YADAV,Samajwadi Party,JAYVEER SINGH,Bharatiya Janata Party,221639,Result Declared
412,Uttar Pradesh,17,Mathura,HEMAMALINI DHARMENDRA DEOL,Bharatiya Janata Party,MUKESH DHANGAR,Indian National Congress,293407,Result Declared
413,Uttar Pradesh,10,Meerut,ARUN GOVIL,Bharatiya Janata Party,SUNITA VERMA,Samajwadi Party,10585,Result Declared
414,Uttar Pradesh,79,Mirzapur,ANUPRIYA PATEL,Apna Dal (Soneylal),RAMESH CHAND BIND,Samajwadi Party,37810,Result Declared
415,Uttar Pradesh,32,Misrikh,ASHOK KUMAR RAWAT,Bharatiya Janata Party,SANGITA RAJVANSHI,Samajwadi Party,33406,Result Declared
416,Uttar Pradesh,34,Mohanlalganj,R.K. CHAUDHARY,Samajwadi Party,KAUSHAL KISHORE,Bharatiya Janata Party,70292,Result Declared
417,Uttar Pradesh,6,Moradabad,RUCHI VIRA,Samajwadi Party,KUNWAR SARVESH KUMAR,Bharatiya Janata Party,105762,Result Declared
418,Uttar Pradesh,3,Muzaffarnagar,HARENDRA SINGH MALIK,Samajwadi Party,SANJEEV KUMAR BALYAN,Bharatiya Janata Party,24672,Result Declared
419,Uttar Pradesh,5,Nagina,CHANDRASHEKHAR,Aazad Samaj Party (Kanshi Ram),OM KUMAR,Bharatiya Janata Party,151473,Result Declared
420,Uttar Pradesh,51,Phulpur,PRAVEEN PATEL,Bharatiya Janata Party,AMAR NATH SINGH MAURYA,Samajwadi Party,4332,Result Declared
421,Uttar Pradesh,26,Pilibhit,JITIN PRASADA,Bharatiya Janata Party,BHAGWAT SARAN GANGWAR,Samajwadi Party,164935,Result Declared
422,Uttar Pradesh,39,Pratapgarh,SHIV PAL SINGH PATEL (DR. S P SINGH),Samajwadi Party,SANGAM LAL GUPTA,Bharatiya Janata Party,66206,Result Declared
423,Uttar Pradesh,36,Rae Bareli,RAHUL GANDHI,Indian National Congress,DINESH PRATAP SINGH,Bharatiya Janata Party,390030,Result Declared
424,Uttar Pradesh,7,Rampur,MOHIBBULLAH,Samajwadi Party,GHANSHYAM SINGH LODHI,Bharatiya Janata Party,87434,Result Declared
425,Uttar Pradesh,80,Robertsganj,CHHOTELAL,Samajwadi Party,RINKI SINGH,Apna Dal (Soneylal),129234,Result Declared
426,Uttar Pradesh,1,Saharanpur,IMRAN MASOOD,Indian National Congress,RAGHAV LAKHANPAL,Bharatiya Janata Party,64542,Result Declared
427,Uttar Pradesh,71,Salempur,RAMASHANKAR RAJBHAR,Samajwadi Party,RAVINDAR KUSHAWAHA,Bharatiya Janata Party,3573,Result Declared
428,Uttar Pradesh,8,Sambhal,ZIA UR REHMAN,Samajwadi Party,PARMESHWAR LAL SAINI,Bharatiya Janata Party,121494,Result Declared
429,Uttar Pradesh,62,Sant Kabir Nagar,LAXMIKANT PAPPU NISHAD,Samajwadi Party,PRAVIN KUMAR NISHAD,Bharatiya Janata Party,92170,Result Declared
430,Uttar Pradesh,27,Shahjahanpur,ARUN KUMAR SAGAR,Bharatiya Janata Party,JYOTSNA GOND,Samajwadi Party,55379,Result Declared
431,Uttar Pradesh,58,Shrawasti,RAM SHIROMANI VERMA,Samajwadi Party,SAKET MISRA,Bharatiya Janata Party,76673,Result Declared
432,Uttar Pradesh,30,Sitapur,RAKESH RATHOR,Indian National Congress,RAJESH VERMA,Bharatiya Janata Party,89641,Result Declared
433,Uttar Pradesh,38,Sultanpur,RAMBHUAL NISHAD,Samajwadi Party,MANEKA SANJAY GANDHI,Bharatiya Janata Party,43174,Result Declared
434,Uttar Pradesh,33,Unnao,SWAMI SACHCHIDANAND HARI SAKSHI,Bharatiya Janata Party,ANNU TANDON,Samajwadi Party,35818,Result Declared
435,Uttar Pradesh,77,Varanasi,NARENDRA MODI,Bharatiya Janata Party,AJAY RAI,Indian National Congress,152513,Result Declared
436,West Bengal,2,Alipurduars,MANOJ TIGGA,Bharatiya Janata Party,PRAKASH CHIK BARAIK,All India Trinamool Congress,75447,Result Declared
437,West Bengal,29,Arambagh,BAG MITALI,All India Trinamool Congress,ARUP KANTI DIGAR,Bharatiya Janata Party,6399,Result Declared
438,West Bengal,40,Asansol,SHATRUGHAN PRASAD SINHA,All India Trinamool Congress,SURENDRAJEET SINGH AHLUWALIA,Bharatiya Janata Party,59564,Result Declared
439,West Bengal,10,Baharampur,PATHAN YUSUF,All India Trinamool Congress,ADHIR RANJAN CHOWDHURY,Indian National Congress,85022,Result Declared
440,West Bengal,6,Balurghat,SUKANTA MAJUMDAR,Bharatiya Janata Party,BIPLAB MITRA,All India Trinamool Congress,10386,Result Declared
441,West Bengal,14,Bangaon,SHANTANU THAKUR,Bharatiya Janata Party,BISWAJIT DAS S/O LATE BIJAY KRISHNA DAS,All India Trinamool Congress,73693,Result Declared
442,West Bengal,36,Bankura,ARUP CHAKRABORTY,All India Trinamool Congress,DR. SUBHAS SARKAR,Bharatiya Janata Party,32778,Result Declared
443,West Bengal,17,Barasat,KAKOLI GHOSH DASTIDAR,All India Trinamool Congress,SWAPAN MAJUMDER,Bharatiya Janata Party,114189,Result Declared
444,West Bengal,38,Bardhaman Purba,DR. SHARMILA SARKAR,All India Trinamool Congress,ASIM KUMAR SARKAR,Bharatiya Janata Party,160572,Result Declared
445,West Bengal,39,Bardhaman-Durgapur,AZAD KIRTI JHA,All India Trinamool Congress,DILIP GHOSH,Bharatiya Janata Party,137981,Result Declared
446,West Bengal,15,Barrackpur,PARTHA BHOWMICK,All India Trinamool Congress,ARJUN SINGH,Bharatiya Janata Party,64438,Result Declared
447,West Bengal,18,Basirhat,SK NURUL ISLAM,All India Trinamool Congress,REKHA PATRA,Bharatiya Janata Party,333547,Result Declared
448,West Bengal,42,Birbhum,SATABDI ROY,All India Trinamool Congress,DEBTANU BHATTACHARYA,Bharatiya Janata Party,197650,Result Declared
449,West Bengal,37,Bishnupur,KHAN SAUMITRA,Bharatiya Janata Party,SUJATA MONDAL,All India Trinamool Congress,5567,Result Declared
450,West Bengal,41,Bolpur,ASIT KUMAR MAL,All India Trinamool Congress,PIYA SAHA,Bharatiya Janata Party,327253,Result Declared
451,West Bengal,1,Coochbehar,JAGADISH CHANDRA BARMA BASUNIA,All India Trinamool Congress,NISITH PRAMANIK,Bharatiya Janata Party,39250,Result Declared
452,West Bengal,4,Darjeeling,RAJU BISTA,Bharatiya Janata Party,GOPAL LAMA,All India Trinamool Congress,178525,Result Declared
453,West Bengal,21,Diamond harbour,ABHISHEK BANERJEE,All India Trinamool Congress,ABHIJIT DAS (BOBBY),Bharatiya Janata Party,710930,Result Declared
454,West Bengal,16,Dum dum,SOUGATA RAY,All India Trinamool Congress,SILBHADRA DATTA,Bharatiya Janata Party,70660,Result Declared
455,West Bengal,32,Ghatal,ADHIKARI DEEPAK (DEV),All India Trinamool Congress,DR. HIRANMOY CHATTOPADHYAYA,Bharatiya Janata Party,182868,Result Declared
456,West Bengal,28,Hooghly,RACHNA BANERJEE,All India Trinamool Congress,LOCKET CHATTERJEE,Bharatiya Janata Party,76853,Result Declared
457,West Bengal,25,Howrah,PRASUN BANERJEE,All India Trinamool Congress,DR RATHIN CHAKRAVARTY,Bharatiya Janata Party,169442,Result Declared
458,West Bengal,22,Jadavpur,SAYANI GHOSH,All India Trinamool Congress,DR. ANIRBAN GANGULY,Bharatiya Janata Party,258201,Result Declared
459,West Bengal,3,Jalpaiguri,DR JAYANTA KUMAR ROY,Bharatiya Janata Party,NIRMAL CHANDRA ROY,All India Trinamool Congress,86693,Result Declared
460,West Bengal,9,Jangipur,KHALILUR RAHAMAN,All India Trinamool Congress,MURTOJA HOSSAIN BOKUL,Indian National Congress,116637,Result Declared
461,West Bengal,33,Jhargram,KALIPADA SAREN (KHERWAL),All India Trinamool Congress,DR. PRANAT TUDU,Bharatiya Janata Party,174048,Result Declared
462,West Bengal,19,Joynagar,PRATIMA MONDAL,All India Trinamool Congress,ASHOK KANDARY,Bharatiya Janata Party,470219,Result Declared
463,West Bengal,31,Kanthi,ADHIKARI SOUMENDU,Bharatiya Janata Party,UTTAM BARIK SON OF LATE BIRENDRA BARIK,All India Trinamool Congress,47764,Result Declared
464,West Bengal,23,Kolkata Dakshin,MALA ROY,All India Trinamool Congress,DEBASREE CHAUDHURI,Bharatiya Janata Party,187231,Result Declared
465,West Bengal,24,Kolkata Uttar,BANDYOPADHYAY SUDIP,All India Trinamool Congress,TAPAS ROY,Bharatiya Janata Party,92560,Result Declared
466,West Bengal,12,Krishnanagar,MAHUA MOITRA,All India Trinamool Congress,AMRITA ROY,Bharatiya Janata Party,56705,Result Declared
467,West Bengal,8,Maldaha Dakshin,ISHA KHAN CHOUDHURY,Indian National Congress,SREERUPA MITRA CHAUDHURY (NIRBHAYA DIDI),Bharatiya Janata Party,128368,Result Declared
468,West Bengal,7,Maldaha Uttar,KHAGEN MURMU,Bharatiya Janata Party,PRASUN BANERJEE,All India Trinamool Congress,77708,Result Declared
469,West Bengal,20,Mathurapur,BAPI HALDAR,All India Trinamool Congress,ASHOK PURKAIT,Bharatiya Janata Party,201057,Result Declared
470,West Bengal,34,Medinipur,JUNE MALIAH,All India Trinamool Congress,AGNIMITRA PAUL,Bharatiya Janata Party,27191,Result Declared
471,West Bengal,11,Murshidabad,ABU TAHER KHAN,All India Trinamool Congress,MD SALIM,Communist Party of India  (Marxist),164215,Result Declared
472,West Bengal,35,Purulia,JYOTIRMAY SINGH MAHATO,Bharatiya Janata Party,SHANTIRAM MAHATO,All India Trinamool Congress,17079,Result Declared
473,West Bengal,5,Raiganj,KARTICK CHANDRA PAUL,Bharatiya Janata Party,KALYANI KRISHNA,All India Trinamool Congress,68197,Result Declared
474,West Bengal,13,Ranaghat,JAGANNATH SARKAR,Bharatiya Janata Party,MUKUT MANI ADHIKARI,All India Trinamool Congress,186899,Result Declared
475,West Bengal,27,Srerampur,KALYAN BANERJEE,All India Trinamool Congress,KABIR SHANKAR BOSE,Bharatiya Janata Party,174830,Result Declared
476,West Bengal,30,Tamluk,ABHIJIT GANGOPADHYAY,Bharatiya Janata Party,DEBANGSHU BHATTACHARYA,All India Trinamool Congress,77733,Result Declared
477,West Bengal,26,Uluberia,SAJDA AHMED,All India Trinamool Congress,ARUNUDAY PAULCHOWDHURY,Bharatiya Janata Party,218673,Result Declared
478,Chhattisgarh,10,BASTAR,MAHESH KASHYAP,Bharatiya Janata Party,KAWASI LAKHMA,Indian National Congress,55245,Result Declared
479,Chhattisgarh,5,BILASPUR,TOKHAN SAHU,Bharatiya Janata Party,DEVENDRA YADAV,Indian National Congress,164558,Result Declared
480,Chhattisgarh,7,DURG,VIJAY BAGHEL,Bharatiya Janata Party,RAJENDRA SAHU,Indian National Congress,438226,Result Declared
481,Chhattisgarh,3,JANJGIR-CHAMPA,KAMLESH JANGDE,Bharatiya Janata Party,DR. SHIVKUMAR DAHARIYA,Indian National Congress,60000,Result Declared
482,Chhattisgarh,11,KANKER,BHOJRAJ NAG,Bharatiya Janata Party,BIRESH THAKUR,Indian National Congress,1884,Result Declared
483,Chhattisgarh,4,KORBA,JYOTSNA CHARANDAS MAHANT,Indian National Congress,SAROJ PANDEY,Bharatiya Janata Party,43283,Result Declared
484,Chhattisgarh,9,MAHASAMUND,ROOP KUMARI CHOUDHARY,Bharatiya Janata Party,TAMRADHWAJ SAHU,Indian National Congress,145456,Result Declared
485,Chhattisgarh,2,RAIGARH,RADHESHYAM RATHIYA,Bharatiya Janata Party,DR. MENKA DEVI SINGH,Indian National Congress,240391,Result Declared
486,Chhattisgarh,8,RAIPUR,BRIJMOHAN AGRAWAL,Bharatiya Janata Party,VIKAS UPADHYAY,Indian National Congress,575285,Result Declared
487,Chhattisgarh,6,RAJNANDGAON,SANTOSH PANDEY,Bharatiya Janata Party,BHUPESH BAGHEL,Indian National Congress,44411,Result Declared
488,Chhattisgarh,1,SURGUJA,CHINTAMANI MAHARAJ,Bharatiya Janata Party,SHASHI SINGH KORAM,Indian National Congress,64822,Result Declared
489,Jharkhand,4,Chatra,KALI CHARAN SINGH,Bharatiya Janata Party,KRISHNA NAND TRIPATHI,Indian National Congress,220959,Result Declared
490,Jharkhand,7,Dhanbad,DULU MAHATO,Bharatiya Janata Party,ANUPAMA SINGH,Indian National Congress,331583,Result Declared
491,Jharkhand,2,Dumka,NALIN SOREN,Jharkhand Mukti Morcha,SITA MURMU,Bharatiya Janata Party,22527,Result Declared
492,Jharkhand,6,Giridih,CHANDRA PRAKASH CHOUDHARY,AJSU Party,MATHURA PRASAD MAHATO,Jharkhand Mukti Morcha,80880,Result Declared
493,Jharkhand,3,Godda,NISHIKANT DUBEY,Bharatiya Janata Party,PRADEEP YADAV,Indian National Congress,101813,Result Declared
494,Jharkhand,14,Hazaribagh,MANISH JAISWAL,Bharatiya Janata Party,JAI PRAKASH BHAI PATEL,Indian National Congress,276686,Result Declared
495,Jharkhand,9,Jamshedpur,BIDYUT BARAN MAHATO,Bharatiya Janata Party,SAMIR KUMAR MOHANTY,Jharkhand Mukti Morcha,259782,Result Declared
496,Jharkhand,11,Khunti,KALI CHARAN MUNDA,Indian National Congress,ARJUN MUNDA,Bharatiya Janata Party,149675,Result Declared
497,Jharkhand,5,Kodarma,ANNPURNA DEVI,Bharatiya Janata Party,VINOD KUMAR SINGH,Communist Party of India  (Marxist-Leninist)  (Liberation),377014,Result Declared
498,Jharkhand,12,Lohardaga,SUKHDEO BHAGAT,Indian National Congress,SAMIR ORAON,Bharatiya Janata Party,139138,Result Declared
499,Jharkhand,13,Palamau,VISHNU DAYAL RAM,Bharatiya Janata Party,MAMTA BHUIYAN,Rashtriya Janata Dal,288807,Result Declared
500,Jharkhand,1,Rajmahal,VIJAY KUMAR HANSDAK,Jharkhand Mukti Morcha,TALA MARANDI,Bharatiya Janata Party,178264,Result Declared
501,Jharkhand,8,Ranchi,SANJAY SETH,Bharatiya Janata Party,YASHASWINI SAHAY,Indian National Congress,120512,Result Declared
502,Jharkhand,10,Singhbhum,JOBA MAJHI,Jharkhand Mukti Morcha,GEETA KORA,Bharatiya Janata Party,168402,Result Declared
503,Uttarakhand,3,Almora,AJAY TAMTA,Bharatiya Janata Party,PRADEEP TAMTA,Indian National Congress,234097,Result Declared
504,Uttarakhand,2,Garhwal,ANIL BALUNI,Bharatiya Janata Party,GANESH GODIYAL,Indian National Congress,163503,Result Declared
505,Uttarakhand,5,Haridwar,TRIVENDRA SINGH RAWAT,Bharatiya Janata Party,VIRENDRA RAWAT,Indian National Congress,164056,Result Declared
506,Uttarakhand,4,Nainital-Udhamsingh Nagar,AJAY BHATT,Bharatiya Janata Party,PRAKASH JOSHI,Indian National Congress,334548,Result Declared
507,Uttarakhand,1,Tehri Garhwal,MALA RAJYA LAKSHMI SHAH,Bharatiya Janata Party,JOT SINGH GUNSOLA,Indian National Congress,272493,Result Declared
508,Telangana,1,Adilabad ,GODAM NAGESH,Bharatiya Janata Party,ATHRAM SUGUNA,Indian National Congress,90652,Result Declared
509,Telangana,14,Bhongir ,CHAMALA KIRAN KUMAR REDDY,Indian National Congress,DR. BOORA NARSAIAH GOUD,Bharatiya Janata Party,222170,Result Declared
510,Telangana,10,Chevella,KONDA VISHWESHWAR REDDY,Bharatiya Janata Party,DR GADDAM RANJITH REDDY,Indian National Congress,172897,Result Declared
511,Telangana,9,Hyderabad,ASADUDDIN OWAISI,All India Majlis-E-Ittehadul Muslimeen,MADHAVI LATHA KOMPELLA,Bharatiya Janata Party,338087,Result Declared
512,Telangana,3,Karimnagar ,BANDI SANJAY KUMAR,Bharatiya Janata Party,VELCHALA RAJENDER RAO,Indian National Congress,225209,Result Declared
513,Telangana,17,Khammam ,RAMASAHAYAM RAGHURAM REDDY,Indian National Congress,NAMA NAGESWARA RAO,Bharat Rashtra Samithi,467847,Result Declared
514,Telangana,16,Mahabubabad  ,BALRAM NAIK PORIKA,Indian National Congress,KAVITHA MALOTH,Bharat Rashtra Samithi,349165,Result Declared
515,Telangana,11,Mahbubnagar,ARUNA. D. K,Bharatiya Janata Party,CHALLA VAMSHI CHAND REDDY,Indian National Congress,4500,Result Declared
516,Telangana,7,Malkajgiri,EATALA RAJENDER,Bharatiya Janata Party,PATNAM SUNEETHA MAHENDER REDDY,Indian National Congress,391475,Result Declared
517,Telangana,6,Medak,MADHAVANENI RAGHUNANDAN RAO,Bharatiya Janata Party,NEELAM MADHU,Indian National Congress,39139,Result Declared
518,Telangana,12,Nagarkurnool,DR.MALLU RAVI,Indian National Congress,BHARATH  PRASAD POTHUGANTI,Bharatiya Janata Party,94414,Result Declared
519,Telangana,13,Nalgonda,KUNDURU RAGHUVEER,Indian National Congress,SAIDI REDDY SHANAMPUDI,Bharatiya Janata Party,559905,Result Declared
520,Telangana,4,Nizamabad,ARVIND DHARMAPURI,Bharatiya Janata Party,JEEVANREDDY THATIPARTHI,Indian National Congress,109241,Result Declared
521,Telangana,2,Peddapalle ,VAMSI KRISHNA GADDAM,Indian National Congress,SRINIVAS GOMASE,Bharatiya Janata Party,131364,Result Declared
522,Telangana,8,Secunderabad,G. KISHAN REDDY,Bharatiya Janata Party,DANAM NAGENDER,Indian National Congress,49944,Result Declared
523,Telangana,15,Warangal,KADIYAM KAVYA,Indian National Congress,AROORI RAMESH,Bharatiya Janata Party,220339,Result Declared
524,Telangana,5,Zahirabad,SURESH KUMAR SHETKAR,Indian National Congress,B. B. PATIL,Bharatiya Janata Party,46188,Result Declared
525,Andaman & Nicobar Islands,1,Andaman & Nicobar Islands,BISHNU PADA RAY,Bharatiya Janata Party,KULDEEP RAI SHARMA,Indian National Congress,24396,Result Declared
526,Chandigarh,1,Chandigarh,MANISH TEWARI,Indian National Congress,SANJAY TANDON,Bharatiya Janata Party,2504,Result Declared
527,Dadra & Nagar Haveli and Daman & Diu,2,Dadar & Nagar Haveli,DELKAR KALABEN MOHANBHAI,Bharatiya Janata Party,AJIT RAMJIBHAI MAHALA,Indian National Congress,57584,Result Declared
528,Dadra & Nagar Haveli and Daman & Diu,1,Daman & Diu ,PATEL UMESHBHAI BABUBHAI,Independent,LALUBHAI BABUBHAI PATEL,Bharatiya Janata Party,6225,Result Declared
529,NCT OF Delhi,1,Chandni Chowk,PRAVEEN KHANDELWAL,Bharatiya Janata Party,JAI PRAKASH AGARWAL,Indian National Congress,89325,Result Declared
530,NCT OF Delhi,3,East Delhi,HARSH MALHOTRA,Bharatiya Janata Party,KULDEEP KUMAR (MONU),Aam Aadmi Party,93663,Result Declared
531,NCT OF Delhi,4,New Delhi,BANSURI SWARAJ,Bharatiya Janata Party,SOMNATH BHARTI,Aam Aadmi Party,78370,Result Declared
532,NCT OF Delhi,2,North-East Delhi,MANOJ TIWARI,Bharatiya Janata Party,KANHAIYA KUMAR,Indian National Congress,138778,Result Declared
533,NCT OF Delhi,5,North-West Delhi,YOGENDER CHANDOLIYA,Bharatiya Janata Party,UDIT RAJ,Indian National Congress,290849,Result Declared
534,NCT OF Delhi,7,South Delhi,RAMVIR SINGH BIDHURI,Bharatiya Janata Party,SAHI RAM,Aam Aadmi Party,124333,Result Declared
535,NCT OF Delhi,6,West Delhi,KAMALJEET SEHRAWAT,Bharatiya Janata Party,MAHABAL MISHRA,Aam Aadmi Party,199013,Result Declared
536,Lakshadweep,1,Lakshadweep,MUHAMMED HAMDULLAH SAYEED,Indian National Congress,MOHAMMED FAIZAL PP,Nationalist Congress Party  Sharadchandra Pawar,2647,Result Declared
537,Puducherry,1,PUDUCHERRY,VE VAITHILINGAM,Indian National Congress,A NAMASSIVAYAM,Bharatiya Janata Party,136516,Result Declared
538,Jammu and Kashmir,3,ANANTNAG-RAJOURI,MIAN ALTAF AHMAD,Jammu & Kashmir National Conference,MEHBOOBA MUFTI,Jammu & Kashmir Peoples Democratic Party,281794,Result Declared
539,Jammu and Kashmir,1,BARAMULLA,ABDUL RASHID SHEIKH,Independent,OMAR ABDULLAH,Jammu & Kashmir National Conference,204142,Result Declared
540,Jammu and Kashmir,5,JAMMU,JUGAL KISHORE,Bharatiya Janata Party,RAMAN BHALLA,Indian National Congress,135498,Result Declared
541,Jammu and Kashmir,2,SRINAGAR,AGA SYED RUHULLAH MEHDI,Jammu & Kashmir National Conference,WAHEED UR REHMAN PARA,Jammu & Kashmir Peoples Democratic Party,188416,Result Declared
542,Jammu and Kashmir,4,UDHAMPUR,DR JITENDRA SINGH,Bharatiya Janata Party,CH LAL SINGH,Indian National Congress,124373,Result Declared
543,Ladakh,1,Ladakh,MOHMAD HANEEFA,Independent,TSERING NAMGYAL,Indian National Congress,27862,Result Declared
